ticker,fiscal_year,fiscal_year_end_date,currency_native,fx_rate_native_to_usd,revenue_native_full,revenue_usd,net_income_native_full,net_income_usd,eps_diluted_native,eps_diluted_usd,source_url
AAON,2025,2025-12-31,USD,1,1442000000,1442000000,108000000,108000000,1.29,1.29,https://stockanalysis.com/stocks/aaon/financials/
AAON,2024,2024-12-31,USD,1,1201000000,1201000000,169000000,169000000,2.02,2.02,https://stockanalysis.com/stocks/aaon/financials/
AAON,2023,2023-12-31,USD,1,1169000000,1169000000,178000000,178000000,2.13,2.13,https://stockanalysis.com/stocks/aaon/financials/
AAON,2022,2022-12-31,USD,1,889000000,889000000,100000000,100000000,1.24,1.24,https://stockanalysis.com/stocks/aaon/financials/
AAON,2021,2021-12-31,USD,1,535000000,535000000,59000000,59000000,0.73,0.73,https://stockanalysis.com/stocks/aaon/financials/
AAPL,2026,2026-03-28,USD,1,451442000000,451442000000,122575000000,122575000000,8.27,8.27,https://stockanalysis.com/stocks/aapl/financials/
AAPL,2025,2025-09-27,USD,1,416161000000,416161000000,112010000000,112010000000,7.46,7.46,https://stockanalysis.com/stocks/aapl/financials/
AAPL,2024,2024-09-28,USD,1,391035000000,391035000000,93736000000,93736000000,6.09,6.09,https://stockanalysis.com/stocks/aapl/financials/
AAPL,2023,2023-09-30,USD,1,383285000000,383285000000,96995000000,96995000000,6.13,6.13,https://stockanalysis.com/stocks/aapl/financials/
AAPL,2022,2022-09-24,USD,1,394328000000,394328000000,99803000000,99803000000,6.11,6.11,https://stockanalysis.com/stocks/aapl/financials/
ABBNY,2025,2025-12-31,USD,1,33220000000,33220000000,4734000000,4734000000,2.59,2.59,https://stockanalysis.com/stocks/abbny/financials/
ABBNY,2024,2024-12-31,USD,1,32850000000,32850000000,3935000000,3935000000,2.13,2.13,https://stockanalysis.com/stocks/abbny/financials/
ABBNY,2023,2023-12-31,USD,1,32235000000,32235000000,3745000000,3745000000,2.01,2.01,https://stockanalysis.com/stocks/abbny/financials/
ABBNY,2022,2022-12-31,USD,1,29446000000,29446000000,2475000000,2475000000,1.3,1.3,https://stockanalysis.com/stocks/abbny/financials/
ABBNY,2021,2021-12-31,USD,1,28945000000,28945000000,4546000000,4546000000,2.25,2.25,https://stockanalysis.com/stocks/abbny/financials/
ACM,2025,2025-09-30,USD,1,16140000000,16140000000,562000000,562000000,4.21,4.21,https://stockanalysis.com/stocks/acm/financials/
ACM,2024,2024-09-30,USD,1,16106000000,16106000000,402000000,402000000,2.95,2.95,https://stockanalysis.com/stocks/acm/financials/
ACM,2023,2023-09-30,USD,1,14379000000,14379000000,55000000,55000000,0.39,0.39,https://stockanalysis.com/stocks/acm/financials/
ACM,2022,2022-09-30,USD,1,13148000000,13148000000,311000000,311000000,2.73,2.73,https://stockanalysis.com/stocks/acm/financials/
ACMR,2025,2025-12-31,USD,1,901310000,901310000,94080000,94080000,1.37,1.37,https://stockanalysis.com/stocks/acmr/financials/
ACMR,2024,2024-12-31,USD,1,782120000,782120000,103630000,103630000,1.53,1.53,https://stockanalysis.com/stocks/acmr/financials/
ACMR,2023,2023-12-31,USD,1,557720000,557720000,77350000,77350000,1.16,1.16,https://stockanalysis.com/stocks/acmr/financials/
ACMR,2022,2022-12-31,USD,1,388830000,388830000,39260000,39260000,0.59,0.59,https://stockanalysis.com/stocks/acmr/financials/
ACMR,2021,2021-12-31,USD,1,259750000,259750000,37760000,37760000,0.58,0.58,https://stockanalysis.com/stocks/acmr/financials/
ADBE,2026,2026-02-27,USD,1,24453000000,24453000000,7208000000,7208000000,17.17,17.17,https://stockanalysis.com/stocks/adbe/financials/
ADBE,2025,2025-11-28,USD,1,23769000000,23769000000,7130000000,7130000000,16.7,16.7,https://stockanalysis.com/stocks/adbe/financials/
ADBE,2024,2024-11-29,USD,1,21505000000,21505000000,5560000000,5560000000,12.36,12.36,https://stockanalysis.com/stocks/adbe/financials/
ADBE,2023,2023-12-01,USD,1,19409000000,19409000000,5428000000,5428000000,11.82,11.82,https://stockanalysis.com/stocks/adbe/financials/
ADBE,2022,2022-12-02,USD,1,17606000000,17606000000,4756000000,4756000000,10.1,10.1,https://stockanalysis.com/stocks/adbe/financials/
ADI,2026,2026-01-31,USD,1,11757000000,11757000000,2707000000,2707000000,5.47,5.47,https://stockanalysis.com/stocks/adi/financials/
ADI,2025,2025-11-01,USD,1,11020000000,11020000000,2267000000,2267000000,4.56,4.56,https://stockanalysis.com/stocks/adi/financials/
ADI,2024,2024-11-02,USD,1,9427000000,9427000000,1635000000,1635000000,3.28,3.28,https://stockanalysis.com/stocks/adi/financials/
ADI,2023,2023-10-28,USD,1,12306000000,12306000000,3315000000,3315000000,6.55,6.55,https://stockanalysis.com/stocks/adi/financials/
ADI,2022,2022-10-29,USD,1,12014000000,12014000000,2749000000,2749000000,5.25,5.25,https://stockanalysis.com/stocks/adi/financials/
AEHR,2026,2026-02-27,USD,1,45260000,45260000,-11420000,-11420000,-0.38,-0.38,https://stockanalysis.com/stocks/aehr/financials/
AEHR,2025,2025-05-30,USD,1,58970000,58970000,-3910000,-3910000,-0.13,-0.13,https://stockanalysis.com/stocks/aehr/financials/
AEHR,2024,2024-05-31,USD,1,66220000,66220000,33159999.999999996,33160000,1.12,1.12,https://stockanalysis.com/stocks/aehr/financials/
AEHR,2023,2023-05-31,USD,1,64959999.99999999,64960000,14560000,14560000,0.5,0.5,https://stockanalysis.com/stocks/aehr/financials/
AEHR,2022,2022-05-31,USD,1,50830000,50830000,9450000,9450000,0.34,0.34,https://stockanalysis.com/stocks/aehr/financials/
AEP,2025,2025-12-31,USD,1,21876000000,21876000000,3580000000,3580000000,6.62,6.62,https://stockanalysis.com/stocks/aep/financials/
AEP,2024,2024-12-31,USD,1,19721000000,19721000000,2967000000,2967000000,5.58,5.58,https://stockanalysis.com/stocks/aep/financials/
AEP,2023,2023-12-31,USD,1,18982000000,18982000000,2208000000,2208000000,4.24,4.24,https://stockanalysis.com/stocks/aep/financials/
AEP,2022,2022-12-31,USD,1,19640000000,19640000000,2307000000,2307000000,4.49,4.49,https://stockanalysis.com/stocks/aep/financials/
AEP,2021,2021-12-31,USD,1,16792000000,16792000000,2488000000,2488000000,4.96,4.96,https://stockanalysis.com/stocks/aep/financials/
AGX,2026,2026-01-31,USD,1,944610000,944610000,137770000,137770000,9.74,9.74,https://stockanalysis.com/stocks/agx/financials/
AGX,2025,2025-01-31,USD,1,874180000,874180000,85460000,85460000,6.15,6.15,https://stockanalysis.com/stocks/agx/financials/
AGX,2024,2024-01-31,USD,1,573330000,573330000,32360000,32360000,2.39,2.39,https://stockanalysis.com/stocks/agx/financials/
AGX,2023,2023-01-31,USD,1,455040000,455040000,33100000,33100000,2.33,2.33,https://stockanalysis.com/stocks/agx/financials/
AGX,2022,2022-01-31,USD,1,509370000,509370000,38240000,38240000,2.4,2.4,https://stockanalysis.com/stocks/agx/financials/
AI,2026,2026-01-31,USD,1,307390000,307390000,-434500000,-434500000,-3.16,-3.16,https://stockanalysis.com/stocks/ai/financials/
AI,2025,2025-04-30,USD,1,389060000,389060000,-288700000,-288700000,-2.24,-2.24,https://stockanalysis.com/stocks/ai/financials/
AI,2024,2024-04-30,USD,1,310580000,310580000,-279700000,-279700000,-2.34,-2.34,https://stockanalysis.com/stocks/ai/financials/
AI,2023,2023-04-30,USD,1,266800000,266800000,-268840000,-268840000,-2.45,-2.45,https://stockanalysis.com/stocks/ai/financials/
AI,2022,2022-04-30,USD,1,252760000,252760000,-192070000,-192070000,-1.84,-1.84,https://stockanalysis.com/stocks/ai/financials/
ALB,2025,2025-12-31,USD,1,1225000000,1225000000,416000000,416000000,-5.76,-5.76,https://stockanalysis.com/stocks/alb/financials/
ALB,2024,2024-12-31,USD,1,6722000000,6722000000,4283000000,4283000000,13.36,13.36,https://stockanalysis.com/stocks/alb/financials/
ALB,2023,2023-12-31,USD,1,7320000000,7320000000,5380000000,5380000000,22.84,22.84,https://stockanalysis.com/stocks/alb/financials/
ALB,2022,2022-12-31,USD,1,3328000000,3328000000,123000000,123000000,1.06,1.06,https://stockanalysis.com/stocks/alb/financials/
ALB,2021,2021-12-31,USD,1,2330000000,2330000000,47000000,47000000,-11.2,-11.2,https://stockanalysis.com/stocks/alb/financials/
AMAT,2026,2026-01-25,USD,1,28214000000,28214000000,7839000000,7839000000,9.77,9.77,https://stockanalysis.com/stocks/amat/financials/
AMAT,2025,2025-10-26,USD,1,28368000000,28368000000,6998000000,6998000000,8.66,8.66,https://stockanalysis.com/stocks/amat/financials/
AMAT,2024,2024-10-27,USD,1,27176000000,27176000000,7177000000,7177000000,8.61,8.61,https://stockanalysis.com/stocks/amat/financials/
AMAT,2023,2023-10-29,USD,1,26517000000,26517000000,6856000000,6856000000,8.11,8.11,https://stockanalysis.com/stocks/amat/financials/
AMAT,2022,2022-10-30,USD,1,25785000000,25785000000,6525000000,6525000000,7.44,7.44,https://stockanalysis.com/stocks/amat/financials/
AMD,2025,2025-12-31,USD,1,34639000000,34639000000,4335000000,4335000000,2.67,2.67,https://stockanalysis.com/stocks/amd/financials/
AMD,2024,2024-12-31,USD,1,25785000000,25785000000,1641000000,1641000000,1.01,1.01,https://stockanalysis.com/stocks/amd/financials/
AMD,2023,2023-12-30,USD,1,22680000000,22680000000,854000000,854000000,0.53,0.53,https://stockanalysis.com/stocks/amd/financials/
AMD,2022,2022-12-31,USD,1,23601000000,23601000000,1320000000,1320000000,0.84,0.84,https://stockanalysis.com/stocks/amd/financials/
AMD,2021,2021-12-25,USD,1,16434000000,16434000000,3162000000,3162000000,2.57,2.57,https://stockanalysis.com/stocks/amd/financials/
AMKR,2025,2025-12-31,USD,1,6708000000,6708000000,373900000,373900000,1.5,1.5,https://stockanalysis.com/stocks/amkr/financials/
AMKR,2024,2024-12-31,USD,1,6318000000,6318000000,354010000,354010000,1.43,1.43,https://stockanalysis.com/stocks/amkr/financials/
AMKR,2023,2023-12-31,USD,1,6503000000,6503000000,359810000,359810000,1.46,1.46,https://stockanalysis.com/stocks/amkr/financials/
AMKR,2022,2022-12-31,USD,1,7092000000,7092000000,765820000,765820000,3.11,3.11,https://stockanalysis.com/stocks/amkr/financials/
AMKR,2021,2021-12-31,USD,1,6138000000,6138000000,643000000,643000000,2.62,2.62,https://stockanalysis.com/stocks/amkr/financials/
AMZN,2025,2025-12-31,USD,1,716924000000,716924000000,77670000000,77670000000,7.17,7.17,https://stockanalysis.com/stocks/amzn/financials/
AMZN,2024,2024-12-31,USD,1,637959000000,637959000000,59248000000,59248000000,5.53,5.53,https://stockanalysis.com/stocks/amzn/financials/
AMZN,2023,2023-12-31,USD,1,574785000000,574785000000,30425000000,30425000000,2.9,2.9,https://stockanalysis.com/stocks/amzn/financials/
AMZN,2022,2022-12-31,USD,1,513983000000,513983000000,-2722000000,-2722000000,-0.27,-0.27,https://stockanalysis.com/stocks/amzn/financials/
AMZN,2021,2021-12-31,USD,1,469822000000,469822000000,33364000000,33364000000,3.24,3.24,https://stockanalysis.com/stocks/amzn/financials/
ANET,2025,2025-12-31,USD,1,9006000000,9006000000,3511000000,3511000000,2.75,2.75,https://stockanalysis.com/stocks/anet/financials/
ANET,2024,2024-12-31,USD,1,7003000000,7003000000,2852000000,2852000000,2.23,2.23,https://stockanalysis.com/stocks/anet/financials/
ANET,2023,2023-12-31,USD,1,5860000000,5860000000,2087000000,2087000000,1.65,1.65,https://stockanalysis.com/stocks/anet/financials/
ANET,2022,2022-12-31,USD,1,4381000000,4381000000,1352000000,1352000000,1.07,1.07,https://stockanalysis.com/stocks/anet/financials/
ANET,2021,2021-12-31,USD,1,2948000000,2948000000,840850000,840850000,0.66,0.66,https://stockanalysis.com/stocks/anet/financials/
ANSS,2024,2024-12-31,USD,1,2545000000,2545000000,575690000,575690000,6.55,6.55,https://stockanalysis.com/stocks/anss/financials/
ANSS,2023,2023-12-31,USD,1,2270000000,2270000000,500410000,500410000,5.73,5.73,https://stockanalysis.com/stocks/anss/financials/
ANSS,2022,2022-12-31,USD,1,2066000000,2066000000,523710000.00000006,523710000,5.99,5.99,https://stockanalysis.com/stocks/anss/financials/
ANSS,2021,2021-12-31,USD,1,1907000000,1907000000,454630000,454630000,5.16,5.16,https://stockanalysis.com/stocks/anss/financials/
ANSS,2020,2020-12-31,USD,,1681000000,,433890000,,4.97,,https://stockanalysis.com/stocks/anss/financials/
AOSL,2025,2025-06-30,USD,1,696160000,696160000,-19170000,-19170000,-3.3,-3.3,https://stockanalysis.com/stocks/aosl/financials/
AOSL,2024,2024-06-30,USD,1,657270000,657270000,-11080000,-11080000,-0.39,-0.39,https://stockanalysis.com/stocks/aosl/financials/
AOSL,2023,2023-06-30,USD,1,691320000,691320000,13780000,13780000,0.42,0.42,https://stockanalysis.com/stocks/aosl/financials/
AOSL,2022,2022-06-30,USD,1,777550000,777550000,453160000,453160000,16.07,16.07,https://stockanalysis.com/stocks/aosl/financials/
AOSL,2021,2021-06-30,USD,1,656900000,656900000,58120000,58120000,2.13,2.13,https://stockanalysis.com/stocks/aosl/financials/
APD,2026,2026-03-31,USD,1,12464000000,12464000000,2107000000,2107000000,9.45,9.45,https://stockanalysis.com/stocks/apd/financials/
APD,2025,2025-09-30,USD,1,12037000000,12037000000,-394500000,-394500000,-1.77,-1.77,https://stockanalysis.com/stocks/apd/financials/
APD,2024,2024-09-30,USD,1,12101000000,12101000000,3828000000,3828000000,17.18,17.18,https://stockanalysis.com/stocks/apd/financials/
APD,2023,2023-09-30,USD,1,12600000000,12600000000,2300000000,2300000000,10.33,10.33,https://stockanalysis.com/stocks/apd/financials/
APD,2022,2022-09-30,USD,1,12699000000,12699000000,2256000000,2256000000,10.08,10.08,https://stockanalysis.com/stocks/apd/financials/
ARM,2026,2026-03-31,USD,1,4920000000,4920000000,904000000,904000000,0.85,0.85,https://stockanalysis.com/stocks/arm/financials/
ARM,2025,2025-03-31,USD,1,4007000000,4007000000,792000000,792000000,0.61,0.61,https://stockanalysis.com/stocks/arm/financials/
ARM,2024,2024-03-31,USD,1,3233000000,3233000000,306000000,306000000,0.19,0.19,https://stockanalysis.com/stocks/arm/financials/
ARM,2023,2023-03-31,USD,1,2679000000,2679000000,524000000,524000000,0.51,0.51,https://stockanalysis.com/stocks/arm/financials/
ARM,2022,2022-03-31,USD,1,2703000000,2703000000,549000000,549000000,0.54,0.54,https://stockanalysis.com/stocks/arm/financials/
ARQQ,2025,2025-09-30,USD,1,530000,530000,-35340000,-35340000,-2.56,-2.56,https://stockanalysis.com/stocks/arqq/financials/
ARQQ,2024,2024-09-30,USD,1,290000,290000,-56820000,-56820000,-11.23,-11.23,https://stockanalysis.com/stocks/arqq/financials/
ARQQ,2023,2023-09-30,USD,1,640000,640000,-74530000,-74530000,-14.17,-14.17,https://stockanalysis.com/stocks/arqq/financials/
ARQQ,2022,2022-09-30,USD,1,7210000,7210000,65080000,65080000,13.34,13.34,https://stockanalysis.com/stocks/arqq/financials/
ARQQ,2021,2021-09-30,USD,1,50000,50000,-271730000,-271730000,-99.42,-99.42,https://stockanalysis.com/stocks/arqq/financials/
ASML,2025,2025-12-31,EUR,1.0463,32667000000,34179482100,10213000000,10685861900,26.26,27.4758,https://stockanalysis.com/stocks/asml/financials/
ASML,2024,2024-12-31,EUR,1.0354,28263000000,29263510200,8349000000,8644554600,21.21,21.9608,https://stockanalysis.com/stocks/asml/financials/
ASML,2023,2023-12-31,EUR,1.1039,27559000000,30422380100,8115000000,8958148500,20.59,22.7293,https://stockanalysis.com/stocks/asml/financials/
ASML,2022,2022-12-31,EUR,1.0666,21173000000,22583121800,6396000000,6821973600,16.07,17.1403,https://stockanalysis.com/stocks/asml/financials/
ASML,2021,2021-12-31,EUR,1.137,18611000000,21160707000,5883000000,6688971000,14.34,16.3046,https://stockanalysis.com/stocks/asml/financials/
ASX,2025,2025-12-31,TWD,0.03079,645388000000,19871496520,40016000000,1232092640,17.5,0.5388,https://stockanalysis.com/stocks/asx/financials/
ASX,2024,2024-12-31,TWD,0.0305,595410000000,18160005000,32379000000,987559500,14.4,0.4392,https://stockanalysis.com/stocks/asx/financials/
ASX,2023,2023-12-31,TWD,0.03269,581914000000,19022768660,35458000000,1159122020,16.08,0.5257,https://stockanalysis.com/stocks/asx/financials/
ASX,2022,2022-12-31,TWD,0.03263,670873000000,21890585990,61502000000,2006810260,27.62,0.9012,https://stockanalysis.com/stocks/asx/financials/
ASX,2021,2021-12-31,TWD,0.03612,569997000000,20588291640,60150000000,2172618000,27.08,0.9781,https://stockanalysis.com/stocks/asx/financials/
AVGO,2026,2026-02-01,USD,1,68282000000,68282000000,24972000000,24972000000,5.12,5.12,https://stockanalysis.com/stocks/avgo/financials/
AVGO,2025,2025-11-02,USD,1,63887000000,63887000000,23126000000,23126000000,4.77,4.77,https://stockanalysis.com/stocks/avgo/financials/
AVGO,2024,2024-11-03,USD,1,51574000000,51574000000,5895000000,5895000000,1.23,1.23,https://stockanalysis.com/stocks/avgo/financials/
AVGO,2023,2023-10-29,USD,1,35819000000,35819000000,14082000000,14082000000,3.3,3.3,https://stockanalysis.com/stocks/avgo/financials/
AVGO,2022,2022-10-30,USD,1,33203000000,33203000000,11223000000,11223000000,2.65,2.65,https://stockanalysis.com/stocks/avgo/financials/
BDC,2025,2025-12-31,USD,1,2715000000,2715000000,237520000,237520000,5.91,5.91,https://stockanalysis.com/stocks/bdc/financials/
BDC,2024,2024-12-31,USD,1,2461000000,2461000000,198400000,198400000,4.8,4.8,https://stockanalysis.com/stocks/bdc/financials/
BDC,2023,2023-12-31,USD,1,2512000000,2512000000,242350000,242350000,5.66,5.66,https://stockanalysis.com/stocks/bdc/financials/
BDC,2022,2022-12-31,USD,1,2606000000,2606000000,254980000,254980000,5.72,5.72,https://stockanalysis.com/stocks/bdc/financials/
BDC,2021,2021-12-31,USD,1,2301000000,2301000000,64709999.99999999,64710000,1.41,1.41,https://stockanalysis.com/stocks/bdc/financials/
BHP,2025,2025-12-31,USD,1,53988000000,53988000000,10243000000,10243000000,4.03,4.03,https://stockanalysis.com/stocks/bhp/financials/
BHP,2025,2025-06-30,USD,1,51262000000,51262000000,9019000000,9019000000,3.55,3.55,https://stockanalysis.com/stocks/bhp/financials/
BHP,2024,2024-06-30,USD,1,55658000000,55658000000,7897000000,7897000000,3.11,3.11,https://stockanalysis.com/stocks/bhp/financials/
BHP,2023,2023-06-30,USD,1,53817000000,53817000000,12921000000,12921000000,5.09,5.09,https://stockanalysis.com/stocks/bhp/financials/
BHP,2022,2022-06-30,USD,1,65098000000,65098000000,30900000000,30900000000,12.19,12.19,https://stockanalysis.com/stocks/bhp/financials/
BRZE,2026,2026-01-31,USD,1,738180000,738180000,-131289999.99999999,-131290000,-1.22,-1.22,https://stockanalysis.com/stocks/brze/financials/
BRZE,2025,2025-01-31,USD,1,593410000,593410000,-103740000,-103740000,-1.02,-1.02,https://stockanalysis.com/stocks/brze/financials/
BRZE,2024,2024-01-31,USD,1,471800000,471800000,-129169999.99999999,-129170000,-1.32,-1.32,https://stockanalysis.com/stocks/brze/financials/
BRZE,2023,2023-01-31,USD,1,355430000,355430000,-138970000,-138970000,-1.47,-1.47,https://stockanalysis.com/stocks/brze/financials/
BRZE,2022,2022-01-31,USD,1,238040000,238040000,-76720000,-76720000,-2.2,-2.2,https://stockanalysis.com/stocks/brze/financials/
BWXT,2025,2025-12-31,USD,1,3198000000,3198000000,328950000,328950000,3.58,3.58,https://stockanalysis.com/stocks/bwxt/financials/
BWXT,2024,2024-12-31,USD,1,2704000000,2704000000,281940000,281940000,3.07,3.07,https://stockanalysis.com/stocks/bwxt/financials/
BWXT,2023,2023-12-31,USD,1,2496000000,2496000000,245850000,245850000,2.68,2.68,https://stockanalysis.com/stocks/bwxt/financials/
BWXT,2022,2022-12-31,USD,1,2233000000,2233000000,238190000,238190000,2.6,2.6,https://stockanalysis.com/stocks/bwxt/financials/
BWXT,2021,2021-12-31,USD,1,2124000000,2124000000,305870000,305870000,3.24,3.24,https://stockanalysis.com/stocks/bwxt/financials/
CDNS,2025,2025-12-31,USD,1,5297000000,5297000000,1109000000,1109000000,4.06,4.06,https://stockanalysis.com/stocks/cdns/financials/
CDNS,2024,2024-12-31,USD,1,4641000000,4641000000,1055000000,1055000000,3.85,3.85,https://stockanalysis.com/stocks/cdns/financials/
CDNS,2023,2023-12-31,USD,1,4090000000,4090000000,1041000000,1041000000,3.82,3.82,https://stockanalysis.com/stocks/cdns/financials/
CDNS,2022,2022-12-31,USD,1,3562000000,3562000000,848950000,848950000,3.09,3.09,https://stockanalysis.com/stocks/cdns/financials/
CDNS,2021,2021-12-31,USD,1,2988000000,2988000000,695960000,695960000,2.5,2.5,https://stockanalysis.com/stocks/cdns/financials/
CE,2025,2025-12-31,USD,1,9544000000,9544000000,-1165000000,-1165000000,-10.64,-10.64,https://stockanalysis.com/stocks/ce/financials/
CE,2024,2024-12-31,USD,1,10268000000,10268000000,-1542000000,-1542000000,-14.11,-14.11,https://stockanalysis.com/stocks/ce/financials/
CE,2023,2023-12-31,USD,1,10926000000,10926000000,1943000000,1943000000,17.76,17.76,https://stockanalysis.com/stocks/ce/financials/
CE,2022,2022-12-31,USD,1,9673000000,9673000000,1910000000,1910000000,17.34,17.34,https://stockanalysis.com/stocks/ce/financials/
CE,2021,2021-12-31,USD,1,8537000000,8537000000,1902000000,1902000000,16.86,16.86,https://stockanalysis.com/stocks/ce/financials/
CEG,2025,2025-12-31,USD,1,25533000000,25533000000,2319000000,2319000000,7.4,7.4,https://stockanalysis.com/stocks/ceg/financials/
CEG,2024,2024-12-31,USD,1,23568000000,23568000000,3749000000,3749000000,11.89,11.89,https://stockanalysis.com/stocks/ceg/financials/
CEG,2023,2023-12-31,USD,1,24918000000,24918000000,1623000000,1623000000,5.01,5.01,https://stockanalysis.com/stocks/ceg/financials/
CEG,2022,2022-12-31,USD,1,24440000000,24440000000,-160000000,-160000000,-0.49,-0.49,https://stockanalysis.com/stocks/ceg/financials/
CEG,2021,2021-12-31,USD,1,19649000000,19649000000,-205000000,-205000000,,,https://stockanalysis.com/stocks/ceg/financials/
CIEN,2026,2026-01-31,USD,1,5124000000,5124000000,229050000,229050000,1.57,1.57,https://stockanalysis.com/stocks/cien/financials/
CIEN,2025,2025-11-01,USD,1,4770000000,4770000000,123340000,123340000,0.85,0.85,https://stockanalysis.com/stocks/cien/financials/
CIEN,2024,2024-11-02,USD,1,4015000000,4015000000,83960000,83960000,0.58,0.58,https://stockanalysis.com/stocks/cien/financials/
CIEN,2023,2023-10-28,USD,1,4387000000,4387000000,254830000,254830000,1.71,1.71,https://stockanalysis.com/stocks/cien/financials/
CIEN,2022,2022-10-29,USD,1,3633000000,3633000000,152900000,152900000,1,1,https://stockanalysis.com/stocks/cien/financials/
COHR,2025,2025-06-30,USD,1,5810000000,5810000000,-80560000,-80560000,-0.52,-0.52,https://stockanalysis.com/stocks/cohr/financials/
COHR,2024,2024-06-30,USD,1,4708000000,4708000000,-279510000,-279510000,-1.84,-1.84,https://stockanalysis.com/stocks/cohr/financials/
COHR,2023,2023-06-30,USD,1,5160000000,5160000000,-403670000,-403670000,-2.93,-2.93,https://stockanalysis.com/stocks/cohr/financials/
COHR,2022,2022-06-30,USD,1,3317000000,3317000000,166530000,166530000,1.45,1.45,https://stockanalysis.com/stocks/cohr/financials/
COHR,2021,2021-06-30,USD,1,3106000000,3106000000,260320000,260320000,2.37,2.37,https://stockanalysis.com/stocks/cohr/financials/
COMM,2025,2025-12-31,USD,1,1932000000,1932000000,2215000000,2215000000,9.63,9.63,https://stockanalysis.com/stocks/comm/financials/
COMM,2024,2024-12-31,USD,1,1383000000,1383000000,-380700000,-380700000,-1.78,-1.78,https://stockanalysis.com/stocks/comm/financials/
COMM,2023,2023-12-31,USD,1,1864000000,1864000000,-1569000000,-1569000000,-7.44,-7.44,https://stockanalysis.com/stocks/comm/financials/
COMM,2022,2022-12-31,USD,1,5789000000,5789000000,-1346000000,-1346000000,-7.18,-7.18,https://stockanalysis.com/stocks/comm/financials/
COMM,2021,2021-12-31,USD,1,6737000000,6737000000,-519900000,-519900000,-2.55,-2.55,https://stockanalysis.com/stocks/comm/financials/
CRM,2026,2026-01-31,USD,1,41525000000,41525000000,7457000000,7457000000,7.8,7.8,https://stockanalysis.com/stocks/crm/financials/
CRM,2025,2025-01-31,USD,1,37895000000,37895000000,6197000000,6197000000,6.36,6.36,https://stockanalysis.com/stocks/crm/financials/
CRM,2024,2024-01-31,USD,1,34857000000,34857000000,4136000000,4136000000,4.2,4.2,https://stockanalysis.com/stocks/crm/financials/
CRM,2023,2023-01-31,USD,1,31352000000,31352000000,208000000,208000000,0.21,0.21,https://stockanalysis.com/stocks/crm/financials/
CRM,2022,2022-01-31,USD,1,26492000000,26492000000,1444000000,1444000000,1.48,1.48,https://stockanalysis.com/stocks/crm/financials/
CRWD,2026,2026-01-31,USD,1,4812000000,4812000000,-162500000,-162500000,-0.65,-0.65,https://stockanalysis.com/stocks/crwd/financials/
CRWD,2025,2025-01-31,USD,1,3954000000,3954000000,-15240000,-15240000,-0.06,-0.06,https://stockanalysis.com/stocks/crwd/financials/
CRWD,2024,2024-01-31,USD,1,3056000000,3056000000,72180000,72180000,0.3,0.3,https://stockanalysis.com/stocks/crwd/financials/
CRWD,2023,2023-01-31,USD,1,2241000000,2241000000,-183250000,-183250000,-0.79,-0.79,https://stockanalysis.com/stocks/crwd/financials/
CRWD,2022,2022-01-31,USD,1,1452000000,1452000000,-234800000,-234800000,-1.03,-1.03,https://stockanalysis.com/stocks/crwd/financials/
CRWV,2025,2025-12-31,USD,1,5131000000,5131000000,-1196000000,-1196000000,-2.81,-2.81,https://stockanalysis.com/stocks/crwv/financials/
CRWV,2024,2024-12-31,USD,1,1915000000,1915000000,-937000000,-937000000,-4.3,-4.3,https://stockanalysis.com/stocks/crwv/financials/
CRWV,2023,2023-12-31,USD,1,229000000,229000000,-594000000,-594000000,-3.09,-3.09,https://stockanalysis.com/stocks/crwv/financials/
CRWV,2022,2022-12-31,USD,1,15830000,15830000,-31060000,-31060000,-0.17,-0.17,https://stockanalysis.com/stocks/crwv/financials/
CSCO,2026,2026-01-24,USD,1,59054000000,59054000000,11076000000,11076000000,2.85,2.85,https://stockanalysis.com/stocks/csco/financials/
CSCO,2025,2025-07-26,USD,1,56654000000,56654000000,10180000000,10180000000,2.55,2.55,https://stockanalysis.com/stocks/csco/financials/
CSCO,2024,2024-07-27,USD,1,53803000000,53803000000,10320000000,10320000000,2.54,2.54,https://stockanalysis.com/stocks/csco/financials/
CSCO,2023,2023-07-29,USD,1,56998000000,56998000000,12613000000,12613000000,3.07,3.07,https://stockanalysis.com/stocks/csco/financials/
CSCO,2022,2022-07-30,USD,1,51557000000,51557000000,11812000000,11812000000,2.82,2.82,https://stockanalysis.com/stocks/csco/financials/
CWST,2025,2025-12-31,USD,1,1837000000,1837000000,7870000,7870000,0.12,0.12,https://stockanalysis.com/stocks/cwst/financials/
CWST,2024,2024-12-31,USD,1,1557000000,1557000000,13540000,13540000,0.23,0.23,https://stockanalysis.com/stocks/cwst/financials/
CWST,2023,2023-12-31,USD,1,1265000000,1265000000,25400000,25400000,0.46,0.46,https://stockanalysis.com/stocks/cwst/financials/
CWST,2022,2022-12-31,USD,1,1085000000,1085000000,53080000,53080000,1.03,1.03,https://stockanalysis.com/stocks/cwst/financials/
CWST,2021,2021-12-31,USD,1,889210000,889210000,41100000,41100000,0.8,0.8,https://stockanalysis.com/stocks/cwst/financials/
D,2025,2025-12-31,USD,1,16506000000,16506000000,2998000000,2998000000,3.45,3.45,https://stockanalysis.com/stocks/d/financials/
D,2024,2024-12-31,USD,1,14459000000,14459000000,2034000000,2034000000,2.33,2.33,https://stockanalysis.com/stocks/d/financials/
D,2023,2023-12-31,USD,1,14393000000,14393000000,1962000000,1962000000,2.25,2.25,https://stockanalysis.com/stocks/d/financials/
D,2022,2022-12-31,USD,1,13938000000,13938000000,1191000000,1191000000,1.33,1.33,https://stockanalysis.com/stocks/d/financials/
D,2021,2021-12-31,USD,1,11419000000,11419000000,3399000000,3399000000,4.12,4.12,https://stockanalysis.com/stocks/d/financials/
DD,2025,2025-12-31,USD,1,6849000000,6849000000,-779000000,-779000000,-1.86,-1.86,https://stockanalysis.com/stocks/dd/financials/
DD,2024,2024-12-31,USD,1,6719000000,6719000000,703000000,703000000,1.68,1.68,https://stockanalysis.com/stocks/dd/financials/
DD,2023,2023-12-31,USD,1,6614000000,6614000000,423000000,423000000,0.94,0.94,https://stockanalysis.com/stocks/dd/financials/
DD,2022,2022-12-31,USD,1,13017000000,13017000000,5868000000,5868000000,2.02,2.02,https://stockanalysis.com/stocks/dd/financials/
DD,2021,2021-12-31,USD,1,12566000000,12566000000,6467000000,6467000000,2.16,2.16,https://stockanalysis.com/stocks/dd/financials/
DDOG,2025,2025-12-31,USD,1,3427000000,3427000000,107740000,107740000,0.31,0.31,https://stockanalysis.com/stocks/ddog/financials/
DDOG,2024,2024-12-31,USD,1,2684000000,2684000000,183750000,183750000,0.52,0.52,https://stockanalysis.com/stocks/ddog/financials/
DDOG,2023,2023-12-31,USD,1,2128000000,2128000000,48570000,48570000,0.14,0.14,https://stockanalysis.com/stocks/ddog/financials/
DDOG,2022,2022-12-31,USD,1,1675000000,1675000000,-50160000,-50160000,-0.16,-0.16,https://stockanalysis.com/stocks/ddog/financials/
DDOG,2021,2021-12-31,USD,1,1029000000,1029000000,-20750000,-20750000,-0.07,-0.07,https://stockanalysis.com/stocks/ddog/financials/
DELL,2026,2026-01-30,USD,1,113538000000,113538000000,5936000000,5936000000,8.68,8.68,https://stockanalysis.com/stocks/dell/financials/
DELL,2025,2025-01-31,USD,1,95567000000,95567000000,4592000000,4592000000,6.38,6.38,https://stockanalysis.com/stocks/dell/financials/
DELL,2024,2024-02-02,USD,1,88425000000,88425000000,3388000000,3388000000,4.6,4.6,https://stockanalysis.com/stocks/dell/financials/
DELL,2023,2023-02-03,USD,1,102301000000,102301000000,2442000000,2442000000,3.24,3.24,https://stockanalysis.com/stocks/dell/financials/
DELL,2022,2022-01-28,USD,1,101197000000,101197000000,5563000000,5563000000,6.26,6.26,https://stockanalysis.com/stocks/dell/financials/
DLR,2025,2025-12-31,USD,1,6113000000,6113000000,1268000000,1268000000,3.58,3.58,https://stockanalysis.com/stocks/dlr/financials/
DLR,2024,2024-12-31,USD,1,5555000000,5555000000,561770000,561770000,1.61,1.61,https://stockanalysis.com/stocks/dlr/financials/
DLR,2023,2023-12-31,USD,1,5477000000,5477000000,908110000,908110000,2.88,2.88,https://stockanalysis.com/stocks/dlr/financials/
DLR,2022,2022-12-31,USD,1,4692000000,4692000000,336960000,336960000,1.11,1.11,https://stockanalysis.com/stocks/dlr/financials/
DLR,2021,2021-12-31,USD,1,4428000000,4428000000,1682000000,1682000000,5.94,5.94,https://stockanalysis.com/stocks/dlr/financials/
DOW,2025,2025-12-31,USD,1,39968000000,39968000000,-2623000000,-2623000000,-3.7,-3.7,https://stockanalysis.com/stocks/dow/financials/
DOW,2024,2024-12-31,USD,1,42964000000,42964000000,1116000000,1116000000,1.57,1.57,https://stockanalysis.com/stocks/dow/financials/
DOW,2023,2023-12-31,USD,1,44622000000,44622000000,589000000,589000000,0.82,0.82,https://stockanalysis.com/stocks/dow/financials/
DOW,2022,2022-12-31,USD,1,56902000000,56902000000,4582000000,4582000000,6.28,6.28,https://stockanalysis.com/stocks/dow/financials/
DOW,2021,2021-12-31,USD,1,54968000000,54968000000,6311000000,6311000000,8.38,8.38,https://stockanalysis.com/stocks/dow/financials/
DUK,2025,2025-12-31,USD,1,32237000000,32237000000,4912000000,4912000000,6.31,6.31,https://stockanalysis.com/stocks/duk/financials/
DUK,2024,2024-12-31,USD,1,30357000000,30357000000,4402000000,4402000000,5.71,5.71,https://stockanalysis.com/stocks/duk/financials/
DUK,2023,2023-12-31,USD,1,29060000000,29060000000,2735000000,2735000000,3.54,3.54,https://stockanalysis.com/stocks/duk/financials/
DUK,2022,2022-12-31,USD,1,28768000000,28768000000,2444000000,2444000000,3.17,3.17,https://stockanalysis.com/stocks/duk/financials/
DUK,2021,2021-12-31,USD,1,24621000000,24621000000,3802000000,3802000000,4.68,4.68,https://stockanalysis.com/stocks/duk/financials/
DY,2026,2026-01-31,USD,1,5546000000,5546000000,281190000,281190000,9.56,9.56,https://stockanalysis.com/stocks/dy/financials/
DY,2025,2025-01-25,USD,1,4702000000,4702000000,233410000,233410000,7.92,7.92,https://stockanalysis.com/stocks/dy/financials/
DY,2024,2024-01-27,USD,1,4176000000,4176000000,218920000,218920000,7.37,7.37,https://stockanalysis.com/stocks/dy/financials/
DY,2023,2023-01-28,USD,1,3808000000,3808000000,142210000,142210000,4.74,4.74,https://stockanalysis.com/stocks/dy/financials/
DY,2022,2022-01-29,USD,1,3131000000,3131000000,48570000,48570000,1.57,1.57,https://stockanalysis.com/stocks/dy/financials/
ECL,2025,2025-12-31,USD,1,16081000000,16081000000,2076000000,2076000000,7.28,7.28,https://stockanalysis.com/stocks/ecl/financials/
ECL,2024,2024-12-31,USD,1,15741000000,15741000000,2112000000,2112000000,7.37,7.37,https://stockanalysis.com/stocks/ecl/financials/
ECL,2023,2023-12-31,USD,1,15320000000,15320000000,1372000000,1372000000,4.79,4.79,https://stockanalysis.com/stocks/ecl/financials/
ECL,2022,2022-12-31,USD,1,14188000000,14188000000,1092000000,1092000000,3.81,3.81,https://stockanalysis.com/stocks/ecl/financials/
ECL,2021,2021-12-31,USD,1,12733000000,12733000000,1130000000,1130000000,3.91,3.91,https://stockanalysis.com/stocks/ecl/financials/
EME,2025,2025-12-31,USD,1,16986000000,16986000000,1273000000,1273000000,28.19,28.19,https://stockanalysis.com/stocks/eme/financials/
EME,2024,2024-12-31,USD,1,14566000000,14566000000,1007000000,1007000000,21.52,21.52,https://stockanalysis.com/stocks/eme/financials/
EME,2023,2023-12-31,USD,1,12583000000,12583000000,632990000,632990000,13.31,13.31,https://stockanalysis.com/stocks/eme/financials/
EME,2022,2022-12-31,USD,1,11076000000,11076000000,406120000,406120000,8.1,8.1,https://stockanalysis.com/stocks/eme/financials/
EME,2021,2021-12-31,USD,1,9904000000,9904000000,383530000,383530000,7.06,7.06,https://stockanalysis.com/stocks/eme/financials/
ENS,2025,2025-12-28,USD,1,3738000000,3738000000,312780000,312780000,8.07,8.07,https://stockanalysis.com/stocks/ens/financials/
ENS,2025,2025-03-31,USD,1,3618000000,3618000000,363740000,363740000,8.99,8.99,https://stockanalysis.com/stocks/ens/financials/
ENS,2024,2024-03-31,USD,1,3582000000,3582000000,269100000,269100000,6.5,6.5,https://stockanalysis.com/stocks/ens/financials/
ENS,2023,2023-03-31,USD,1,3709000000,3709000000,175810000,175810000,4.25,4.25,https://stockanalysis.com/stocks/ens/financials/
ENS,2022,2022-03-31,USD,1,3357000000,3357000000,143910000,143910000,3.36,3.36,https://stockanalysis.com/stocks/ens/financials/
ENTG,2025,2025-12-31,USD,1,3197000000,3197000000,236600000,236600000,1.55,1.55,https://stockanalysis.com/stocks/entg/financials/
ENTG,2024,2024-12-31,USD,1,3241000000,3241000000,293700000,293700000,1.93,1.93,https://stockanalysis.com/stocks/entg/financials/
ENTG,2023,2023-12-31,USD,1,3524000000,3524000000,181100000,181100000,1.2,1.2,https://stockanalysis.com/stocks/entg/financials/
ENTG,2022,2022-12-31,USD,1,3282000000,3282000000,208920000,208920000,1.46,1.46,https://stockanalysis.com/stocks/entg/financials/
ENTG,2021,2021-12-31,USD,1,2299000000,2299000000,409130000,409130000,3,3,https://stockanalysis.com/stocks/entg/financials/
EQIX,2025,2025-12-31,USD,1,9217000000,9217000000,1350000000,1350000000,13.76,13.76,https://stockanalysis.com/stocks/eqix/financials/
EQIX,2024,2024-12-31,USD,1,8748000000,8748000000,815000000,815000000,8.5,8.5,https://stockanalysis.com/stocks/eqix/financials/
EQIX,2023,2023-12-31,USD,1,8188000000,8188000000,969000000,969000000,10.31,10.31,https://stockanalysis.com/stocks/eqix/financials/
EQIX,2022,2022-12-31,USD,1,7263000000,7263000000,705000000,705000000,7.67,7.67,https://stockanalysis.com/stocks/eqix/financials/
EQIX,2021,2021-12-31,USD,1,6636000000,6636000000,500000000,500000000,5.53,5.53,https://stockanalysis.com/stocks/eqix/financials/
ESTC,2026,2026-01-31,USD,1,1677000000,1677000000,-84520000,-84520000,-0.8,-0.8,https://stockanalysis.com/stocks/estc/financials/
ESTC,2025,2025-04-30,USD,1,1483000000,1483000000,-108110000,-108110000,-1.04,-1.04,https://stockanalysis.com/stocks/estc/financials/
ESTC,2024,2024-04-30,USD,1,1267000000,1267000000,61720000,61720000,0.59,0.59,https://stockanalysis.com/stocks/estc/financials/
ESTC,2023,2023-04-30,USD,1,1069000000,1069000000,-236160000,-236160000,-2.47,-2.47,https://stockanalysis.com/stocks/estc/financials/
ESTC,2022,2022-04-30,USD,1,862370000,862370000,-203850000,-203850000,-2.2,-2.2,https://stockanalysis.com/stocks/estc/financials/
ETN,2025,2025-12-31,USD,1,27448000000,27448000000,4087000000,4087000000,10.45,10.45,https://stockanalysis.com/stocks/etn/financials/
ETN,2024,2024-12-31,USD,1,24878000000,24878000000,3794000000,3794000000,9.5,9.5,https://stockanalysis.com/stocks/etn/financials/
ETN,2023,2023-12-31,USD,1,23196000000,23196000000,3218000000,3218000000,8.02,8.02,https://stockanalysis.com/stocks/etn/financials/
ETN,2022,2022-12-31,USD,1,20752000000,20752000000,2462000000,2462000000,6.14,6.14,https://stockanalysis.com/stocks/etn/financials/
ETN,2021,2021-12-31,USD,1,19628000000,19628000000,2144000000,2144000000,5.34,5.34,https://stockanalysis.com/stocks/etn/financials/
ETR,2025,2025-12-31,USD,1,12947000000,12947000000,1758000000,1758000000,3.91,3.91,https://stockanalysis.com/stocks/etr/financials/
ETR,2024,2024-12-31,USD,1,11880000000,11880000000,1056000000,1056000000,2.45,2.45,https://stockanalysis.com/stocks/etr/financials/
ETR,2023,2023-12-31,USD,1,12147000000,12147000000,2357000000,2357000000,5.55,5.55,https://stockanalysis.com/stocks/etr/financials/
ETR,2022,2022-12-31,USD,1,13764000000,13764000000,1103000000,1103000000,2.68,2.68,https://stockanalysis.com/stocks/etr/financials/
ETR,2021,2021-12-31,USD,1,11743000000,11743000000,1118000000,1118000000,2.77,2.77,https://stockanalysis.com/stocks/etr/financials/
FCX,2025,2025-12-31,USD,1,25915000000,25915000000,2204000000,2204000000,1.52,1.52,https://stockanalysis.com/stocks/fcx/financials/
FCX,2024,2024-12-31,USD,1,25455000000,25455000000,1889000000,1889000000,1.3,1.3,https://stockanalysis.com/stocks/fcx/financials/
FCX,2023,2023-12-31,USD,1,22855000000,22855000000,1848000000,1848000000,1.28,1.28,https://stockanalysis.com/stocks/fcx/financials/
FCX,2022,2022-12-31,USD,1,22780000000,22780000000,3468000000,3468000000,2.39,2.39,https://stockanalysis.com/stocks/fcx/financials/
FCX,2021,2021-12-31,USD,1,22845000000,22845000000,4306000000,4306000000,2.9,2.9,https://stockanalysis.com/stocks/fcx/financials/
FLR,2025,2025-12-31,USD,1,15503000000,15503000000,-51000000,-51000000,-0.31,-0.31,https://stockanalysis.com/stocks/flr/financials/
FLR,2024,2024-12-31,USD,1,16315000000,16315000000,2145000000,2145000000,12.3,12.3,https://stockanalysis.com/stocks/flr/financials/
FLR,2023,2023-12-31,USD,1,15474000000,15474000000,83000000,83000000,0.54,0.54,https://stockanalysis.com/stocks/flr/financials/
FLR,2022,2022-12-31,USD,1,13744000000,13744000000,106000000,106000000,0.73,0.73,https://stockanalysis.com/stocks/flr/financials/
FLR,2021,2021-12-31,USD,1,14156000000,14156000000,-464000000,-464000000,-3.04,-3.04,https://stockanalysis.com/stocks/flr/financials/
GEV,2025,2025-12-31,USD,1,38068000000,38068000000,4884000000,4884000000,17.69,17.69,https://stockanalysis.com/stocks/gev/financials/
GEV,2024,2024-12-31,USD,1,34935000000,34935000000,1552000000,1552000000,5.58,5.58,https://stockanalysis.com/stocks/gev/financials/
GEV,2023,2023-12-31,USD,1,33239000000,33239000000,-438000000,-438000000,-1.6,-1.6,https://stockanalysis.com/stocks/gev/financials/
GEV,2022,2022-12-31,USD,1,29654000000,29654000000,-2736000000,-2736000000,-10,-10,https://stockanalysis.com/stocks/gev/financials/
GEV,2021,2021-12-31,USD,1,33006000000,33006000000,-633000000,-633000000,,,https://stockanalysis.com/stocks/gev/financials/
GFL,2025,2025-12-31,CAD,,6616000000,,3834000000,,13.71,,https://stockanalysis.com/stocks/gfl/financials/
GFL,2024,2024-12-31,CAD,,6139000000,,-722700000,,-3.03,,https://stockanalysis.com/stocks/gfl/financials/
GFL,2023,2023-12-31,CAD,,7516000000,,45400000,,-0.13,,https://stockanalysis.com/stocks/gfl/financials/
GFL,2022,2022-12-31,CAD,,6761000000,,-311800000,,-1.08,,https://stockanalysis.com/stocks/gfl/financials/
GFL,2021,2021-12-31,CAD,,5137000000,,-606800000,,-1.83,,https://stockanalysis.com/stocks/gfl/financials/
GFS,2025,2025-12-31,USD,1,6791000000,6791000000,885000000,885000000,1.59,1.59,https://stockanalysis.com/stocks/gfs/financials/
GFS,2024,2024-12-31,USD,1,6750000000,6750000000,-265000000,-265000000,-0.48,-0.48,https://stockanalysis.com/stocks/gfs/financials/
GFS,2023,2023-12-31,USD,1,7392000000,7392000000,1020000000,1020000000,1.83,1.83,https://stockanalysis.com/stocks/gfs/financials/
GFS,2022,2022-12-31,USD,1,8108000000,8108000000,1448000000,1448000000,2.62,2.62,https://stockanalysis.com/stocks/gfs/financials/
GFS,2021,2021-12-31,USD,1,6585000000,6585000000,-250000000,-250000000,-0.49,-0.49,https://stockanalysis.com/stocks/gfs/financials/
GLW,2025,2025-12-31,USD,1,15629000000,15629000000,1596000000,1596000000,1.83,1.83,https://stockanalysis.com/stocks/glw/financials/
GLW,2024,2024-12-31,USD,1,13118000000,13118000000,506000000,506000000,0.58,0.58,https://stockanalysis.com/stocks/glw/financials/
GLW,2023,2023-12-31,USD,1,12588000000,12588000000,581000000,581000000,0.68,0.68,https://stockanalysis.com/stocks/glw/financials/
GLW,2022,2022-12-31,USD,1,14189000000,14189000000,1316000000,1316000000,1.54,1.54,https://stockanalysis.com/stocks/glw/financials/
GLW,2021,2021-12-31,USD,1,14082000000,14082000000,1906000000,1906000000,1.28,1.28,https://stockanalysis.com/stocks/glw/financials/
GOOGL,2025,2025-12-31,USD,1,402836000000,402836000000,132170000000,132170000000,10.82,10.82,https://stockanalysis.com/stocks/googl/financials/
GOOGL,2024,2024-12-31,USD,1,350018000000,350018000000,100118000000,100118000000,8.05,8.05,https://stockanalysis.com/stocks/googl/financials/
GOOGL,2023,2023-12-31,USD,1,307394000000,307394000000,73795000000,73795000000,5.8,5.8,https://stockanalysis.com/stocks/googl/financials/
GOOGL,2022,2022-12-31,USD,1,282836000000,282836000000,59972000000,59972000000,4.56,4.56,https://stockanalysis.com/stocks/googl/financials/
GOOGL,2021,2021-12-31,USD,1,257637000000,257637000000,76033000000,76033000000,5.61,5.61,https://stockanalysis.com/stocks/googl/financials/
HON,2025,2025-12-31,USD,1,37442000000,37442000000,4729000000,4729000000,7.36,7.36,https://stockanalysis.com/stocks/hon/financials/
HON,2024,2024-12-31,USD,1,34717000000,34717000000,5705000000,5705000000,8.71,8.71,https://stockanalysis.com/stocks/hon/financials/
HON,2023,2023-12-31,USD,1,33009000000,33009000000,5658000000,5658000000,8.47,8.47,https://stockanalysis.com/stocks/hon/financials/
HON,2022,2022-12-31,USD,1,35466000000,35466000000,4966000000,4966000000,7.27,7.27,https://stockanalysis.com/stocks/hon/financials/
HON,2021,2021-12-31,USD,1,34392000000,34392000000,5542000000,5542000000,7.91,7.91,https://stockanalysis.com/stocks/hon/financials/
HPE,2026,2026-01-31,USD,1,35743000000,35743000000,-234000000,-234000000,-0.19,-0.19,https://stockanalysis.com/stocks/hpe/financials/
HPE,2025,2025-10-31,USD,1,34296000000,34296000000,-59000000,-59000000,-0.04,-0.04,https://stockanalysis.com/stocks/hpe/financials/
HPE,2024,2024-10-31,USD,1,30127000000,30127000000,2554000000,2554000000,1.93,1.93,https://stockanalysis.com/stocks/hpe/financials/
HPE,2023,2023-10-31,USD,1,29135000000,29135000000,2025000000,2025000000,1.54,1.54,https://stockanalysis.com/stocks/hpe/financials/
HPE,2022,2022-10-31,USD,1,28496000000,28496000000,868000000,868000000,0.66,0.66,https://stockanalysis.com/stocks/hpe/financials/
HUBB,2025,2025-12-31,USD,1,5845000000,5845000000,887000000,887000000,16.54,16.54,https://stockanalysis.com/stocks/hubb/financials/
HUBB,2024,2024-12-31,USD,1,5629000000,5629000000,779000000,779000000,14.39,14.39,https://stockanalysis.com/stocks/hubb/financials/
HUBB,2023,2023-12-31,USD,1,5373000000,5373000000,751000000,751000000,13.89,13.89,https://stockanalysis.com/stocks/hubb/financials/
HUBB,2022,2022-12-31,USD,1,4948000000,4948000000,546000000,546000000,9.43,9.43,https://stockanalysis.com/stocks/hubb/financials/
HUBB,2021,2021-12-31,USD,1,4194000000,4194000000,400000000,400000000,7.28,7.28,https://stockanalysis.com/stocks/hubb/financials/
IBM,2025,2025-12-31,USD,1,67535000000,67535000000,10593000000,10593000000,11.17,11.17,https://stockanalysis.com/stocks/ibm/financials/
IBM,2024,2024-12-31,USD,1,62753000000,62753000000,6023000000,6023000000,6.43,6.43,https://stockanalysis.com/stocks/ibm/financials/
IBM,2023,2023-12-31,USD,1,61860000000,61860000000,7502000000,7502000000,8.14,8.14,https://stockanalysis.com/stocks/ibm/financials/
IBM,2022,2022-12-31,USD,1,60530000000,60530000000,1639000000,1639000000,1.8,1.8,https://stockanalysis.com/stocks/ibm/financials/
IBM,2021,2021-12-31,USD,1,57350000000,57350000000,5743000000,5743000000,5.21,5.21,https://stockanalysis.com/stocks/ibm/financials/
ICHR,2025,2025-12-26,USD,1,947650000,947650000,-52780000,-52780000,-1.54,-1.54,https://stockanalysis.com/stocks/ichr/financials/
ICHR,2024,2024-12-27,USD,1,849040000,849040000,-20820000,-20820000,-0.64,-0.64,https://stockanalysis.com/stocks/ichr/financials/
ICHR,2023,2023-12-29,USD,1,811120000,811120000,-42990000,-42990000,-1.47,-1.47,https://stockanalysis.com/stocks/ichr/financials/
ICHR,2022,2022-12-30,USD,1,1280000000,1280000000,72800000,72800000,2.51,2.51,https://stockanalysis.com/stocks/ichr/financials/
ICHR,2021,2021-12-31,USD,1,1097000000,1097000000,70900000,70900000,2.45,2.45,https://stockanalysis.com/stocks/ichr/financials/
IFF,2025,2025-12-31,USD,1,10890000000,10890000000,-361000000,-361000000,-1.41,-1.41,https://stockanalysis.com/stocks/iff/financials/
IFF,2024,2024-12-31,USD,1,11484000000,11484000000,263000000,263000000,1.04,1.04,https://stockanalysis.com/stocks/iff/financials/
IFF,2023,2023-12-31,USD,1,11479000000,11479000000,-2591000000,-2591000000,-10.14,-10.14,https://stockanalysis.com/stocks/iff/financials/
IFF,2022,2022-12-31,USD,1,12440000000,12440000000,-1871000000,-1871000000,-7.32,-7.32,https://stockanalysis.com/stocks/iff/financials/
IFF,2021,2021-12-31,USD,1,11656000000,11656000000,270000000,270000000,1.1,1.1,https://stockanalysis.com/stocks/iff/financials/
INTC,2025,2025-12-27,USD,1,52853000000,52853000000,-267000000,-267000000,-0.06,-0.06,https://stockanalysis.com/stocks/intc/financials/
INTC,2024,2024-12-28,USD,1,53101000000,53101000000,-18756000000,-18756000000,-4.38,-4.38,https://stockanalysis.com/stocks/intc/financials/
INTC,2023,2023-12-30,USD,1,54228000000,54228000000,1689000000,1689000000,0.4,0.4,https://stockanalysis.com/stocks/intc/financials/
INTC,2022,2022-12-31,USD,1,63054000000,63054000000,8014000000,8014000000,1.94,1.94,https://stockanalysis.com/stocks/intc/financials/
INTC,2021,2021-12-25,USD,1,79024000000,79024000000,19868000000,19868000000,4.86,4.86,https://stockanalysis.com/stocks/intc/financials/
IONQ,2025,2025-12-31,USD,1,130020000.00000001,130020000,-510380000,-510380000,-1.82,-1.82,https://stockanalysis.com/stocks/ionq/financials/
IONQ,2024,2024-12-31,USD,1,43070000,43070000,-331650000,-331650000,-1.56,-1.56,https://stockanalysis.com/stocks/ionq/financials/
IONQ,2023,2023-12-31,USD,1,22040000,22040000,-157770000,-157770000,-0.78,-0.78,https://stockanalysis.com/stocks/ionq/financials/
IONQ,2022,2022-12-31,USD,1,11130000,11130000,-48510000,-48510000,-0.25,-0.25,https://stockanalysis.com/stocks/ionq/financials/
IONQ,2021,2021-12-31,USD,1,2100000,2100000,-106190000,-106190000,-0.77,-0.77,https://stockanalysis.com/stocks/ionq/financials/
IOT,2026,2026-01-31,USD,1,1619000000,1619000000,-9120000,-9120000,-0.02,-0.02,https://stockanalysis.com/stocks/iot/financials/
IOT,2025,2025-02-01,USD,1,1249000000,1249000000,-154910000,-154910000,-0.28,-0.28,https://stockanalysis.com/stocks/iot/financials/
IOT,2024,2024-02-03,USD,1,937390000,937390000,-286730000,-286730000,-0.54,-0.54,https://stockanalysis.com/stocks/iot/financials/
IOT,2023,2023-01-28,USD,1,652550000,652550000,-247420000,-247420000,-0.48,-0.48,https://stockanalysis.com/stocks/iot/financials/
IOT,2022,2022-01-29,USD,1,428350000,428350000,-355020000,-355020000,-1.28,-1.28,https://stockanalysis.com/stocks/iot/financials/
IPGP,2025,2025-12-31,USD,1,1004000000,1004000000,31100000,31100000,0.73,0.73,https://stockanalysis.com/stocks/ipgp/financials/
IPGP,2024,2024-12-31,USD,1,977130000,977130000,-181530000,-181530000,-4.09,-4.09,https://stockanalysis.com/stocks/ipgp/financials/
IPGP,2023,2023-12-31,USD,1,1287000000,1287000000,218880000,218880000,4.63,4.63,https://stockanalysis.com/stocks/ipgp/financials/
IPGP,2022,2022-12-31,USD,1,1430000000,1430000000,109910000,109910000,2.16,2.16,https://stockanalysis.com/stocks/ipgp/financials/
IPGP,2021,2021-12-31,USD,1,1461000000,1461000000,278420000,278420000,5.16,5.16,https://stockanalysis.com/stocks/ipgp/financials/
IRM,2025,2025-12-31,USD,1,6902000000,6902000000,144590000,144590000,0.49,0.49,https://stockanalysis.com/stocks/irm/financials/
IRM,2024,2024-12-31,USD,1,6150000000,6150000000,180160000,180160000,0.61,0.61,https://stockanalysis.com/stocks/irm/financials/
IRM,2023,2023-12-31,USD,1,5480000000,5480000000,184230000,184230000,0.63,0.63,https://stockanalysis.com/stocks/irm/financials/
IRM,2022,2022-12-31,USD,1,5104000000,5104000000,556980000,556980000,1.9,1.9,https://stockanalysis.com/stocks/irm/financials/
IRM,2021,2021-12-31,USD,1,4492000000,4492000000,450220000,450220000,1.55,1.55,https://stockanalysis.com/stocks/irm/financials/
J,2026,2026-03-27,USD,1,13175000000,13175000000,381000000,381000000,3.25,3.25,https://stockanalysis.com/stocks/j/financials/
J,2025,2025-09-26,USD,1,12030000000,12030000000,289000000,289000000,2.38,2.38,https://stockanalysis.com/stocks/j/financials/
J,2024,2024-09-27,USD,1,11501000000,11501000000,806000000,806000000,6.32,6.32,https://stockanalysis.com/stocks/j/financials/
J,2023,2023-09-29,USD,1,10851000000,10851000000,666000000,666000000,5.3,5.3,https://stockanalysis.com/stocks/j/financials/
J,2022,2022-09-30,USD,1,9783000000,9783000000,644000000,644000000,2.74,2.74,https://stockanalysis.com/stocks/j/financials/
JCI,2026,2026-03-31,USD,1,24433000000,24433000000,3531000000,3531000000,5.59,5.59,https://stockanalysis.com/stocks/jci/financials/
JCI,2025,2025-09-30,USD,1,23596000000,23596000000,3291000000,3291000000,5.03,5.03,https://stockanalysis.com/stocks/jci/financials/
JCI,2024,2024-09-30,USD,1,22952000000,22952000000,1705000000,1705000000,2.52,2.52,https://stockanalysis.com/stocks/jci/financials/
JCI,2023,2023-09-30,USD,1,22331000000,22331000000,1849000000,1849000000,2.69,2.69,https://stockanalysis.com/stocks/jci/financials/
JCI,2022,2022-09-30,USD,1,20637000000,20637000000,1532000000,1532000000,2.19,2.19,https://stockanalysis.com/stocks/jci/financials/
JNPR,2024,2024-12-31,USD,1,5074000000,5074000000,287900000,287900000,0.86,0.86,https://stockanalysis.com/stocks/jnpr/financials/
JNPR,2023,2023-12-31,USD,1,5565000000,5565000000,310200000,310200000,0.95,0.95,https://stockanalysis.com/stocks/jnpr/financials/
JNPR,2022,2022-12-31,USD,1,5301000000,5301000000,471000000,471000000,1.43,1.43,https://stockanalysis.com/stocks/jnpr/financials/
JNPR,2021,2021-12-31,USD,1,4735000000,4735000000,252700000,252700000,0.76,0.76,https://stockanalysis.com/stocks/jnpr/financials/
JNPR,2020,2020-12-31,USD,,4445000000,,257800000,,0.77,,https://stockanalysis.com/stocks/jnpr/financials/
KBR,2026,2026-04-03,USD,1,7691000000,7691000000,400000000,400000000,3.14,3.14,https://stockanalysis.com/stocks/kbr/financials/
KBR,2025,2026-01-02,USD,1,7786000000,7786000000,391000000,391000000,3.21,3.21,https://stockanalysis.com/stocks/kbr/financials/
KBR,2024,2025-01-03,USD,1,7710000000,7710000000,387000000,387000000,2.79,2.79,https://stockanalysis.com/stocks/kbr/financials/
KBR,2023,2023-12-29,USD,1,6956000000,6956000000,-257000000,-257000000,-1.96,-1.96,https://stockanalysis.com/stocks/kbr/financials/
KBR,2022,2022-12-31,USD,1,6564000000,6564000000,194000000,194000000,1.26,1.26,https://stockanalysis.com/stocks/kbr/financials/
KEYS,2026,2026-01-31,USD,1,5677000000,5677000000,981000000,981000000,5.55,5.55,https://stockanalysis.com/stocks/keys/financials/
KEYS,2025,2025-10-31,USD,1,5375000000,5375000000,850000000,850000000,4.91,4.91,https://stockanalysis.com/stocks/keys/financials/
KEYS,2024,2024-10-31,USD,1,4979000000,4979000000,614000000,614000000,3.51,3.51,https://stockanalysis.com/stocks/keys/financials/
KEYS,2023,2023-10-31,USD,1,5464000000,5464000000,1057000000,1057000000,5.91,5.91,https://stockanalysis.com/stocks/keys/financials/
KEYS,2022,2022-10-31,USD,1,5420000000,5420000000,1124000000,1124000000,6.18,6.18,https://stockanalysis.com/stocks/keys/financials/
KLAC,2026,2026-03-31,USD,1,13097000000,13097000000,4671000000,4671000000,35.33,35.33,https://stockanalysis.com/stocks/klac/financials/
KLAC,2025,2025-06-30,USD,1,12156000000,12156000000,4062000000,4062000000,30.37,30.37,https://stockanalysis.com/stocks/klac/financials/
KLAC,2024,2024-06-30,USD,1,9812000000,9812000000,2762000000,2762000000,20.28,20.28,https://stockanalysis.com/stocks/klac/financials/
KLAC,2023,2023-06-30,USD,1,10496000000,10496000000,3387000000,3387000000,24.15,24.15,https://stockanalysis.com/stocks/klac/financials/
KLAC,2022,2022-06-30,USD,1,9212000000,9212000000,3322000000,3322000000,21.92,21.92,https://stockanalysis.com/stocks/klac/financials/
KLIC,2026,2026-01-03,USD,1,687580000,687580000,-64629999.99999999,-64630000,-1.21,-1.21,https://stockanalysis.com/stocks/klic/financials/
KLIC,2025,2025-10-04,USD,1,654080000,654080000,210000,210000,0,0,https://stockanalysis.com/stocks/klic/financials/
KLIC,2024,2024-09-28,USD,1,706230000,706230000,-69010000,-69010000,-1.24,-1.24,https://stockanalysis.com/stocks/klic/financials/
KLIC,2023,2023-09-30,USD,1,742490000,742490000,57150000,57150000,0.99,0.99,https://stockanalysis.com/stocks/klic/financials/
KLIC,2022,2022-10-01,USD,1,1504000000,1504000000,433550000,433550000,7.09,7.09,https://stockanalysis.com/stocks/klic/financials/
KMI,2025,2025-12-31,USD,1,16937000000,16937000000,3056000000,3056000000,1.37,1.37,https://stockanalysis.com/stocks/kmi/financials/
KMI,2024,2024-12-31,USD,1,15100000000,15100000000,2613000000,2613000000,1.17,1.17,https://stockanalysis.com/stocks/kmi/financials/
KMI,2023,2023-12-31,USD,1,15334000000,15334000000,2391000000,2391000000,1.06,1.06,https://stockanalysis.com/stocks/kmi/financials/
KMI,2022,2022-12-31,USD,1,19200000000,19200000000,2548000000,2548000000,1.12,1.12,https://stockanalysis.com/stocks/kmi/financials/
KMI,2021,2021-12-31,USD,1,16610000000,16610000000,1784000000,1784000000,0.78,0.78,https://stockanalysis.com/stocks/kmi/financials/
LASR,2025,2025-12-31,USD,1,261329999.99999997,261330000,-23470000,-23470000,-0.47,-0.47,https://stockanalysis.com/stocks/lasr/financials/
LASR,2024,2024-12-31,USD,1,198550000,198550000,-60790000,-60790000,-1.27,-1.27,https://stockanalysis.com/stocks/lasr/financials/
LASR,2023,2023-12-31,USD,1,209920000,209920000,-41670000,-41670000,-0.9,-0.9,https://stockanalysis.com/stocks/lasr/financials/
LASR,2022,2022-12-31,USD,1,242060000,242060000,-54580000,-54580000,-1.23,-1.23,https://stockanalysis.com/stocks/lasr/financials/
LASR,2021,2021-12-31,USD,1,270150000,270150000,-29670000,-29670000,-0.7,-0.7,https://stockanalysis.com/stocks/lasr/financials/
LII,2025,2025-12-31,USD,1,5195000000,5195000000,805800000,805800000,22.79,22.79,https://stockanalysis.com/stocks/lii/financials/
LII,2024,2024-12-31,USD,1,5341000000,5341000000,811100000,811100000,22.66,22.66,https://stockanalysis.com/stocks/lii/financials/
LII,2023,2023-12-31,USD,1,4982000000,4982000000,591200000,591200000,16.58,16.58,https://stockanalysis.com/stocks/lii/financials/
LII,2022,2022-12-31,USD,1,4718000000,4718000000,497100000,497100000,13.88,13.88,https://stockanalysis.com/stocks/lii/financials/
LII,2021,2021-12-31,USD,1,4194000000,4194000000,464000000,464000000,12.39,12.39,https://stockanalysis.com/stocks/lii/financials/
LIN,2025,2025-12-31,USD,1,33986000000,33986000000,6898000000,6898000000,14.61,14.61,https://stockanalysis.com/stocks/lin/financials/
LIN,2024,2024-12-31,USD,1,33005000000,33005000000,6565000000,6565000000,13.62,13.62,https://stockanalysis.com/stocks/lin/financials/
LIN,2023,2023-12-31,USD,1,32854000000,32854000000,6199000000,6199000000,12.59,12.59,https://stockanalysis.com/stocks/lin/financials/
LIN,2022,2022-12-31,USD,1,33364000000,33364000000,4147000000,4147000000,8.23,8.23,https://stockanalysis.com/stocks/lin/financials/
LIN,2021,2021-12-31,USD,1,30793000000,30793000000,3821000000,3821000000,7.33,7.33,https://stockanalysis.com/stocks/lin/financials/
LITE,2026,2026-03-28,USD,1,2488000000,2488000000,438200000,438200000,5.4,5.4,https://stockanalysis.com/stocks/lite/financials/
LITE,2025,2025-06-28,USD,1,1645000000,1645000000,25900000,25900000,0.37,0.37,https://stockanalysis.com/stocks/lite/financials/
LITE,2024,2024-06-29,USD,1,1359000000,1359000000,-546500000,-546500000,-8.12,-8.12,https://stockanalysis.com/stocks/lite/financials/
LITE,2023,2023-07-01,USD,1,1767000000,1767000000,-131600000,-131600000,-1.93,-1.93,https://stockanalysis.com/stocks/lite/financials/
LITE,2022,2022-07-02,USD,1,1713000000,1713000000,198900000,198900000,2.68,2.68,https://stockanalysis.com/stocks/lite/financials/
LNG,2025,2025-12-31,USD,1,19976000000,19976000000,5330000000,5330000000,24.13,24.13,https://stockanalysis.com/stocks/lng/financials/
LNG,2024,2024-12-31,USD,1,15703000000,15703000000,3252000000,3252000000,14.2,14.2,https://stockanalysis.com/stocks/lng/financials/
LNG,2023,2023-12-31,USD,1,20394000000,20394000000,9881000000,9881000000,40.72,40.72,https://stockanalysis.com/stocks/lng/financials/
LNG,2022,2022-12-31,USD,1,33428000000,33428000000,1428000000,1428000000,5.64,5.64,https://stockanalysis.com/stocks/lng/financials/
LNG,2021,2021-12-31,USD,1,15864000000,15864000000,-2343000000,-2343000000,-9.25,-9.25,https://stockanalysis.com/stocks/lng/financials/
LRCX,2026,2026-03-29,USD,1,21682000000,21682000000,6708000000,6708000000,5.3,5.3,https://stockanalysis.com/stocks/lrcx/financials/
LRCX,2025,2025-06-29,USD,1,18436000000,18436000000,5358000000,5358000000,4.15,4.15,https://stockanalysis.com/stocks/lrcx/financials/
LRCX,2024,2024-06-30,USD,1,14905000000,14905000000,3828000000,3828000000,2.9,2.9,https://stockanalysis.com/stocks/lrcx/financials/
LRCX,2023,2023-06-30,USD,1,17429000000,17429000000,4511000000,4511000000,3.33,3.33,https://stockanalysis.com/stocks/lrcx/financials/
LRCX,2022,2022-06-26,USD,1,17227000000,17227000000,4605000000,4605000000,3.27,3.27,https://stockanalysis.com/stocks/lrcx/financials/
LSCC,2026,2026-04-04,USD,1,574010000,574010000,19880000,19880000,0.14,0.14,https://stockanalysis.com/stocks/lscc/financials/
LSCC,2025,2026-01-03,USD,1,523260000,523260000,3080000,3080000,0.02,0.02,https://stockanalysis.com/stocks/lscc/financials/
LSCC,2024,2024-12-28,USD,1,509400000,509400000,61130000,61130000,0.44,0.44,https://stockanalysis.com/stocks/lscc/financials/
LSCC,2023,2023-12-30,USD,1,737150000,737150000,259060000,259060000,1.85,1.85,https://stockanalysis.com/stocks/lscc/financials/
LSCC,2022,2022-12-31,USD,1,660360000,660360000,178880000,178880000,1.27,1.27,https://stockanalysis.com/stocks/lscc/financials/
MBLY,2025,2025-12-27,USD,1,1894000000,1894000000,-392000000,-392000000,-0.48,-0.48,https://stockanalysis.com/stocks/mbly/financials/
MBLY,2024,2024-12-28,USD,1,1654000000,1654000000,-3090000000,-3090000000,-3.82,-3.82,https://stockanalysis.com/stocks/mbly/financials/
MBLY,2023,2023-12-30,USD,1,,,49000000,49000000,-0.03,-0.03,https://stockanalysis.com/stocks/mbly/financials/
MBLY,2022,2022-12-31,USD,1,1869000000,1869000000,-82000000,-82000000,-0.11,-0.11,https://stockanalysis.com/stocks/mbly/financials/
MBLY,2021,2021-12-25,USD,1,1386000000,1386000000,-75000000,-75000000,-0.1,-0.1,https://stockanalysis.com/stocks/mbly/financials/
MCHP,2026,2026-03-31,USD,1,4713000000,4713000000,118800000,118800000,0.22,0.22,https://stockanalysis.com/stocks/mchp/financials/
MCHP,2025,2025-03-31,USD,1,4402000000,4402000000,-2700000,-2700000,-0.01,-0.01,https://stockanalysis.com/stocks/mchp/financials/
MCHP,2024,2024-03-31,USD,1,7634000000,7634000000,1907000000,1907000000,3.48,3.48,https://stockanalysis.com/stocks/mchp/financials/
MCHP,2023,2023-03-31,USD,1,8439000000,8439000000,2238000000,2238000000,4.02,4.02,https://stockanalysis.com/stocks/mchp/financials/
MCHP,2022,2022-03-31,USD,1,6821000000,6821000000,1286000000,1286000000,2.27,2.27,https://stockanalysis.com/stocks/mchp/financials/
MDB,2026,2026-01-31,USD,1,2464000000,2464000000,-71150000,-71150000,-0.88,-0.88,https://stockanalysis.com/stocks/mdb/financials/
MDB,2025,2025-01-31,USD,1,2006000000,2006000000,-129070000,-129070000,-1.73,-1.73,https://stockanalysis.com/stocks/mdb/financials/
MDB,2024,2024-01-31,USD,1,1683000000,1683000000,-176600000,-176600000,-2.48,-2.48,https://stockanalysis.com/stocks/mdb/financials/
MDB,2023,2023-01-31,USD,1,1284000000,1284000000,-345400000,-345400000,-5.03,-5.03,https://stockanalysis.com/stocks/mdb/financials/
MDB,2022,2022-01-31,USD,1,873780000,873780000,-306870000,-306870000,-4.75,-4.75,https://stockanalysis.com/stocks/mdb/financials/
META,2025,2025-12-31,USD,1,200966000000,200966000000,60458000000,60458000000,23.49,23.49,https://stockanalysis.com/stocks/meta/financials/
META,2024,2024-12-31,USD,1,164501000000,164501000000,62360000000,62360000000,23.86,23.86,https://stockanalysis.com/stocks/meta/financials/
META,2023,2023-12-31,USD,1,134902000000,134902000000,39098000000,39098000000,14.87,14.87,https://stockanalysis.com/stocks/meta/financials/
META,2022,2022-12-31,USD,1,116609000000,116609000000,23200000000,23200000000,8.59,8.59,https://stockanalysis.com/stocks/meta/financials/
META,2021,2021-12-31,USD,1,117929000000,117929000000,39370000000,39370000000,13.77,13.77,https://stockanalysis.com/stocks/meta/financials/
MOD,2025,2025-03-31,USD,1,2584000000,2584000000,184000000,184000000,3.42,3.42,https://stockanalysis.com/stocks/mod/financials/
MOD,2024,2024-03-31,USD,1,2408000000,2408000000,161500000,161500000,3.03,3.03,https://stockanalysis.com/stocks/mod/financials/
MOD,2023,2023-03-31,USD,1,2298000000,2298000000,153100000,153100000,2.9,2.9,https://stockanalysis.com/stocks/mod/financials/
MOD,2022,2022-03-31,USD,1,2050000000,2050000000,85200000,85200000,1.62,1.62,https://stockanalysis.com/stocks/mod/financials/
MP,2025,2025-12-31,USD,1,224440000,224440000,-85870000,-85870000,-0.5,-0.5,https://stockanalysis.com/stocks/mp/financials/
MP,2024,2024-12-31,USD,1,203860000,203860000,-65420000,-65420000,-0.57,-0.57,https://stockanalysis.com/stocks/mp/financials/
MP,2023,2023-12-31,USD,1,253450000,253450000,24310000,24310000,0.14,0.14,https://stockanalysis.com/stocks/mp/financials/
MP,2022,2022-12-31,USD,1,527510000,527510000,289000000,289000000,1.52,1.52,https://stockanalysis.com/stocks/mp/financials/
MP,2021,2021-12-31,USD,1,331950000,331950000,135040000,135040000,0.73,0.73,https://stockanalysis.com/stocks/mp/financials/
MPWR,2025,2025-12-31,USD,1,2790000000,2790000000,621480000,621480000,12.86,12.86,https://stockanalysis.com/stocks/mpwr/financials/
MPWR,2024,2024-12-31,USD,1,2207000000,2207000000,1592000000,1592000000,32.6,32.6,https://stockanalysis.com/stocks/mpwr/financials/
MPWR,2023,2023-12-31,USD,1,1821000000,1821000000,427370000,427370000,8.76,8.76,https://stockanalysis.com/stocks/mpwr/financials/
MPWR,2022,2022-12-31,USD,1,1794000000,1794000000,437670000,437670000,9.05,9.05,https://stockanalysis.com/stocks/mpwr/financials/
MPWR,2021,2021-12-31,USD,1,1208000000,1208000000,242020000,242020000,5.05,5.05,https://stockanalysis.com/stocks/mpwr/financials/
MRVL,2026,2026-01-31,USD,1,8195000000,8195000000,2670000000,2670000000,3.07,3.07,https://stockanalysis.com/stocks/mrvl/financials/
MRVL,2025,2025-02-01,USD,1,5767000000,5767000000,-885000000,-885000000,-1.02,-1.02,https://stockanalysis.com/stocks/mrvl/financials/
MRVL,2024,2024-02-03,USD,1,5508000000,5508000000,-933400000,-933400000,-1.08,-1.08,https://stockanalysis.com/stocks/mrvl/financials/
MRVL,2023,2023-01-28,USD,1,5920000000,5920000000,-163500000,-163500000,-0.19,-0.19,https://stockanalysis.com/stocks/mrvl/financials/
MRVL,2022,2022-01-29,USD,1,4462000000,4462000000,-421000000,-421000000,-0.53,-0.53,https://stockanalysis.com/stocks/mrvl/financials/
MSFT,2026,2026-03-31,USD,1,318273000000,318273000000,125216000000,125216000000,16.8,16.8,https://stockanalysis.com/stocks/msft/financials/
MSFT,2025,2025-06-30,USD,1,281724000000,281724000000,101832000000,101832000000,13.64,13.64,https://stockanalysis.com/stocks/msft/financials/
MSFT,2024,2024-06-30,USD,1,245122000000,245122000000,88136000000,88136000000,11.8,11.8,https://stockanalysis.com/stocks/msft/financials/
MSFT,2023,2023-06-30,USD,1,211915000000,211915000000,72361000000,72361000000,9.68,9.68,https://stockanalysis.com/stocks/msft/financials/
MSFT,2022,2022-06-30,USD,1,198270000000,198270000000,72738000000,72738000000,9.65,9.65,https://stockanalysis.com/stocks/msft/financials/
MTSI,2026,2026-04-03,USD,1,1074000000,1074000000,176750000,176750000,2.31,2.31,https://stockanalysis.com/stocks/mtsi/financials/
MTSI,2025,2025-10-03,USD,1,967260000,967260000,-54210000,-54210000,-0.73,-0.73,https://stockanalysis.com/stocks/mtsi/financials/
MTSI,2024,2024-09-27,USD,1,729580000,729580000,76860000,76860000,1.04,1.04,https://stockanalysis.com/stocks/mtsi/financials/
MTSI,2023,2023-09-29,USD,1,648410000,648410000,91580000,91580000,1.28,1.28,https://stockanalysis.com/stocks/mtsi/financials/
MTSI,2022,2022-09-30,USD,1,675170000,675170000,439960000,439960000,6.18,6.18,https://stockanalysis.com/stocks/mtsi/financials/
MTZ,2025,2025-12-31,USD,1,14299000000,14299000000,399000000,399000000,5.07,5.07,https://stockanalysis.com/stocks/mtz/financials/
MTZ,2024,2024-12-31,USD,1,12304000000,12304000000,163000000,163000000,2.06,2.06,https://stockanalysis.com/stocks/mtz/financials/
MTZ,2023,2023-12-31,USD,1,11996000000,11996000000,-50000000,-50000000,-0.64,-0.64,https://stockanalysis.com/stocks/mtz/financials/
MTZ,2022,2022-12-31,USD,1,9778000000,9778000000,33000000,33000000,0.42,0.42,https://stockanalysis.com/stocks/mtz/financials/
MTZ,2021,2021-12-31,USD,1,7952000000,7952000000,329000000,329000000,4.45,4.45,https://stockanalysis.com/stocks/mtz/financials/
MU,2026,2026-02-26,USD,1,58119000000,58119000000,24111000000,24111000000,21.39,21.39,https://stockanalysis.com/stocks/mu/financials/
MU,2025,2025-08-28,USD,1,37378000000,37378000000,8539000000,8539000000,7.59,7.59,https://stockanalysis.com/stocks/mu/financials/
MU,2024,2024-08-29,USD,1,25111000000,25111000000,778000000,778000000,0.7,0.7,https://stockanalysis.com/stocks/mu/financials/
MU,2023,2023-08-31,USD,1,15540000000,15540000000,-5833000000,-5833000000,-5.34,-5.34,https://stockanalysis.com/stocks/mu/financials/
MU,2022,2022-09-01,USD,1,30758000000,30758000000,8687000000,8687000000,7.75,7.75,https://stockanalysis.com/stocks/mu/financials/
NEE,2025,2025-12-31,USD,1,27412000000,27412000000,6835000000,6835000000,3.3,3.3,https://stockanalysis.com/stocks/nee/financials/
NEE,2024,2024-12-31,USD,1,24753000000,24753000000,6946000000,6946000000,3.37,3.37,https://stockanalysis.com/stocks/nee/financials/
NEE,2023,2023-12-31,USD,1,28114000000,28114000000,7310000000,7310000000,3.6,3.6,https://stockanalysis.com/stocks/nee/financials/
NEE,2022,2022-12-31,USD,1,20956000000,20956000000,4147000000,4147000000,2.1,2.1,https://stockanalysis.com/stocks/nee/financials/
NEE,2021,2021-12-31,USD,1,17069000000,17069000000,3573000000,3573000000,1.81,1.81,https://stockanalysis.com/stocks/nee/financials/
NET,2025,2025-12-31,USD,1,2168000000,2168000000,-102270000,-102270000,-0.29,-0.29,https://stockanalysis.com/stocks/net/financials/
NET,2024,2024-12-31,USD,1,1670000000,1670000000,-78800000,-78800000,-0.23,-0.23,https://stockanalysis.com/stocks/net/financials/
NET,2023,2023-12-31,USD,1,1297000000,1297000000,-183950000,-183950000,-0.55,-0.55,https://stockanalysis.com/stocks/net/financials/
NET,2022,2022-12-31,USD,1,975240000,975240000,-193380000,-193380000,-0.59,-0.59,https://stockanalysis.com/stocks/net/financials/
NET,2021,2021-12-31,USD,1,656430000,656430000,-260310000,-260310000,-0.83,-0.83,https://stockanalysis.com/stocks/net/financials/
NNE,2025,2025-12-31,USD,1,,,-43470000,-43470000,-1.08,-1.08,https://stockanalysis.com/stocks/nne/financials/
NNE,2025,2025-09-30,USD,1,,,-40070000,-40070000,-0.96,-0.96,https://stockanalysis.com/stocks/nne/financials/
NNE,2024,2024-09-30,USD,1,,,-10150000,-10150000,-0.39,-0.39,https://stockanalysis.com/stocks/nne/financials/
NNE,2023,2023-09-30,USD,1,,,-6250000,-6250000,-0.28,-0.28,https://stockanalysis.com/stocks/nne/financials/
NOW,2025,2025-12-31,USD,1,13278000000,13278000000,1748000000,1748000000,1.67,1.67,https://stockanalysis.com/stocks/now/financials/
NOW,2024,2024-12-31,USD,1,10984000000,10984000000,1425000000,1425000000,1.37,1.37,https://stockanalysis.com/stocks/now/financials/
NOW,2023,2023-12-31,USD,1,8971000000,8971000000,1731000000,1731000000,1.68,1.68,https://stockanalysis.com/stocks/now/financials/
NOW,2022,2022-12-31,USD,1,7245000000,7245000000,325000000,325000000,0.32,0.32,https://stockanalysis.com/stocks/now/financials/
NOW,2021,2021-12-31,USD,1,5896000000,5896000000,230000000,230000000,0.23,0.23,https://stockanalysis.com/stocks/now/financials/
NVDA,2026,2026-01-25,USD,1,215938000000,215938000000,120067000000,120067000000,4.9,4.9,https://stockanalysis.com/stocks/nvda/financials/
NVDA,2025,2025-01-26,USD,1,130497000000,130497000000,72880000000,72880000000,2.94,2.94,https://stockanalysis.com/stocks/nvda/financials/
NVDA,2024,2024-01-28,USD,1,60922000000,60922000000,29760000000,29760000000,1.19,1.19,https://stockanalysis.com/stocks/nvda/financials/
NVDA,2023,2023-01-29,USD,1,26974000000,26974000000,4368000000,4368000000,0.17,0.17,https://stockanalysis.com/stocks/nvda/financials/
NVDA,2022,2022-01-30,USD,1,26914000000,26914000000,9752000000,9752000000,0.39,0.39,https://stockanalysis.com/stocks/nvda/financials/
NVT,2025,2025-12-31,USD,1,3893000000,3893000000,710200000,710200000,4.31,4.31,https://stockanalysis.com/stocks/nvt/financials/
NVT,2024,2024-12-31,USD,1,3006000000,3006000000,331800000,331800000,1.97,1.97,https://stockanalysis.com/stocks/nvt/financials/
NVT,2023,2023-12-31,USD,1,2669000000,2669000000,567100000,567100000,3.37,3.37,https://stockanalysis.com/stocks/nvt/financials/
NVT,2022,2022-12-31,USD,1,2295000000,2295000000,399800000,399800000,2.38,2.38,https://stockanalysis.com/stocks/nvt/financials/
NVT,2021,2021-12-31,USD,1,2462000000,2462000000,272900000,272900000,1.61,1.61,https://stockanalysis.com/stocks/nvt/financials/
NVTS,2025,2025-12-31,USD,1,45920000,45920000,-118070000,-118070000,-0.57,-0.57,https://stockanalysis.com/stocks/nvts/financials/
NVTS,2024,2024-12-31,USD,1,83300000,83300000,-80690000,-80690000,-0.46,-0.46,https://stockanalysis.com/stocks/nvts/financials/
NVTS,2023,2023-12-31,USD,1,79460000,79460000,-145430000,-145430000,-0.86,-0.86,https://stockanalysis.com/stocks/nvts/financials/
NVTS,2022,2022-12-31,USD,1,37940000,37940000,73910000,73910000,0.51,0.51,https://stockanalysis.com/stocks/nvts/financials/
NVTS,2021,2021-12-31,USD,1,23740000,23740000,-152690000,-152690000,-3.9,-3.9,https://stockanalysis.com/stocks/nvts/financials/
OKE,2025,2025-12-31,USD,1,33629000000,33629000000,3393000000,3393000000,5.42,5.42,https://stockanalysis.com/stocks/oke/financials/
OKE,2024,2024-12-31,USD,1,21698000000,21698000000,3034000000,3034000000,5.17,5.17,https://stockanalysis.com/stocks/oke/financials/
OKE,2023,2023-12-31,USD,1,17677000000,17677000000,2658000000,2658000000,5.48,5.48,https://stockanalysis.com/stocks/oke/financials/
OKE,2022,2022-12-31,USD,1,22387000000,22387000000,1721000000,1721000000,3.84,3.84,https://stockanalysis.com/stocks/oke/financials/
OKE,2021,2021-12-31,USD,1,16540000000,16540000000,1499000000,1499000000,3.35,3.35,https://stockanalysis.com/stocks/oke/financials/
OKLO,2025,2025-12-31,USD,1,,,-105660000,-105660000,-0.72,-0.72,https://stockanalysis.com/stocks/oklo/financials/
OKLO,2024,2024-12-31,USD,1,,,-73620000,-73620000,-0.74,-0.74,https://stockanalysis.com/stocks/oklo/financials/
OKLO,2023,2023-12-31,USD,1,,,-32170000,-32170000,-0.47,-0.47,https://stockanalysis.com/stocks/oklo/financials/
OKLO,2022,2022-12-31,USD,1,,,3930000,3930000,-0.15,-0.15,https://stockanalysis.com/stocks/oklo/financials/
OKLO,2021,2021-12-31,USD,1,,,-1060000,-1060000,-0.03,-0.03,https://stockanalysis.com/stocks/oklo/financials/
ON,2025,2025-12-31,USD,1,5995000000,5995000000,121000000,121000000,0.29,0.29,https://stockanalysis.com/stocks/on/financials/
ON,2024,2024-12-31,USD,1,7082000000,7082000000,1573000000,1573000000,3.63,3.63,https://stockanalysis.com/stocks/on/financials/
ON,2023,2023-12-31,USD,1,8253000000,8253000000,2184000000,2184000000,4.89,4.89,https://stockanalysis.com/stocks/on/financials/
ON,2022,2022-12-31,USD,1,8326000000,8326000000,1902000000,1902000000,4.25,4.25,https://stockanalysis.com/stocks/on/financials/
ON,2021,2021-12-31,USD,1,6740000000,6740000000,1010000000,1010000000,2.27,2.27,https://stockanalysis.com/stocks/on/financials/
ONTO,2026,2026-03-31,USD,1,1031000000,1031000000,106410000,106410000,2.14,2.14,https://stockanalysis.com/stocks/onto/financials/
ONTO,2025,2026-01-03,USD,1,1005000000,1005000000,136760000,136760000,2.78,2.78,https://stockanalysis.com/stocks/onto/financials/
ONTO,2024,2024-12-28,USD,1,987320000,987320000,201670000,201670000,4.06,4.06,https://stockanalysis.com/stocks/onto/financials/
ONTO,2023,2023-12-30,USD,1,815870000,815870000,121160000,121160000,2.46,2.46,https://stockanalysis.com/stocks/onto/financials/
ONTO,2022,2022-12-31,USD,1,1005000000,1005000000,223330000,223330000,4.49,4.49,https://stockanalysis.com/stocks/onto/financials/
ORCL,2026,2026-02-28,USD,1,64077000000,64077000000,16188000000,16188000000,5.57,5.57,https://stockanalysis.com/stocks/orcl/financials/
ORCL,2025,2025-05-31,USD,1,57399000000,57399000000,12443000000,12443000000,4.34,4.34,https://stockanalysis.com/stocks/orcl/financials/
ORCL,2024,2024-05-31,USD,1,52961000000,52961000000,10467000000,10467000000,3.71,3.71,https://stockanalysis.com/stocks/orcl/financials/
ORCL,2023,2023-05-31,USD,1,49954000000,49954000000,8503000000,8503000000,3.07,3.07,https://stockanalysis.com/stocks/orcl/financials/
ORCL,2022,2022-05-31,USD,1,42440000000,42440000000,6717000000,6717000000,2.41,2.41,https://stockanalysis.com/stocks/orcl/financials/
PANW,2026,2026-01-31,USD,1,9893000000,9893000000,1282000000,1282000000,1.81,1.81,https://stockanalysis.com/stocks/panw/financials/
PANW,2025,2025-07-31,USD,1,9222000000,9222000000,1134000000,1134000000,1.6,1.6,https://stockanalysis.com/stocks/panw/financials/
PANW,2024,2024-07-31,USD,1,8028000000,8028000000,2578000000,2578000000,3.64,3.64,https://stockanalysis.com/stocks/panw/financials/
PANW,2023,2023-07-31,USD,1,6893000000,6893000000,439700000,439700000,0.64,0.64,https://stockanalysis.com/stocks/panw/financials/
PANW,2022,2022-07-31,USD,1,5502000000,5502000000,-267000000,-267000000,-0.45,-0.45,https://stockanalysis.com/stocks/panw/financials/
PATH,2026,2026-01-31,USD,1,1611000000,1611000000,282330000,282330000,0.52,0.52,https://stockanalysis.com/stocks/path/financials/
PATH,2025,2025-01-31,USD,1,1430000000,1430000000,-73690000,-73690000,-0.13,-0.13,https://stockanalysis.com/stocks/path/financials/
PATH,2024,2024-01-31,USD,1,1308000000,1308000000,-89880000,-89880000,-0.16,-0.16,https://stockanalysis.com/stocks/path/financials/
PATH,2023,2023-01-31,USD,1,1059000000,1059000000,-328350000,-328350000,-0.6,-0.6,https://stockanalysis.com/stocks/path/financials/
PATH,2022,2022-01-31,USD,1,892250000,892250000,-525590000.00000006,-525590000,-1.16,-1.16,https://stockanalysis.com/stocks/path/financials/
PLTR,2025,2025-12-31,USD,1,4475000000,4475000000,1625000000,1625000000,0.63,0.63,https://stockanalysis.com/stocks/pltr/financials/
PLTR,2024,2024-12-31,USD,1,2866000000,2866000000,462000000,462000000,0.19,0.19,https://stockanalysis.com/stocks/pltr/financials/
PLTR,2023,2023-12-31,USD,1,2225000000,2225000000,210000000,210000000,0.09,0.09,https://stockanalysis.com/stocks/pltr/financials/
PLTR,2022,2022-12-31,USD,1,1906000000,1906000000,-374000000,-374000000,-0.18,-0.18,https://stockanalysis.com/stocks/pltr/financials/
PLTR,2021,2021-12-31,USD,1,1542000000,1542000000,-520000000,-520000000,-0.27,-0.27,https://stockanalysis.com/stocks/pltr/financials/
POET,2025,2025-12-31,USD,1,1070000,1070000,-62960000,-62960000,-0.68,-0.68,https://stockanalysis.com/stocks/poet/financials/
POET,2024,2024-12-31,USD,1,40000,40000,-56700000,-56700000,-0.94,-0.94,https://stockanalysis.com/stocks/poet/financials/
POET,2023,2023-12-31,USD,1,470000,470000,-20270000,-20270000,-0.51,-0.51,https://stockanalysis.com/stocks/poet/financials/
POET,2022,2022-12-31,USD,1,550000,550000,-21040000,-21040000,-0.57,-0.57,https://stockanalysis.com/stocks/poet/financials/
POET,2021,2021-12-31,USD,1,210000,210000,-15670000,-15670000,-0.45,-0.45,https://stockanalysis.com/stocks/poet/financials/
POWI,2025,2025-12-31,USD,1,443500000,443500000,22090000,22090000,0.39,0.39,https://stockanalysis.com/stocks/powi/financials/
POWI,2024,2024-12-31,USD,1,418970000,418970000,32229999.999999996,32230000,0.56,0.56,https://stockanalysis.com/stocks/powi/financials/
POWI,2023,2023-12-31,USD,1,444540000,444540000,55740000,55740000,0.97,0.97,https://stockanalysis.com/stocks/powi/financials/
POWI,2022,2022-12-31,USD,1,651140000,651140000,170850000,170850000,2.93,2.93,https://stockanalysis.com/stocks/powi/financials/
POWI,2021,2021-12-31,USD,1,703280000,703280000,164410000,164410000,2.67,2.67,https://stockanalysis.com/stocks/powi/financials/
POWL,2025,2025-09-30,USD,1,1104000000,1104000000,180750000,180750000,4.95,4.95,https://stockanalysis.com/stocks/powl/financials/
POWL,2024,2024-09-30,USD,1,1012000000,1012000000,149850000,149850000,4.1,4.1,https://stockanalysis.com/stocks/powl/financials/
POWL,2023,2023-09-30,USD,1,699310000,699310000,54530000,54530000,1.5,1.5,https://stockanalysis.com/stocks/powl/financials/
POWL,2022,2022-09-30,USD,1,532580000.00000006,532580000,13740000,13740000,0.38,0.38,https://stockanalysis.com/stocks/powl/financials/
POWL,2021,2021-09-30,USD,1,470560000,470560000,630000,630000,0.02,0.02,https://stockanalysis.com/stocks/powl/financials/
PRIM,2025,2025-12-31,USD,1,7575000000,7575000000,274900000,274900000,5.02,5.02,https://stockanalysis.com/stocks/prim/financials/
PRIM,2024,2024-12-31,USD,1,6367000000,6367000000,180900000,180900000,3.31,3.31,https://stockanalysis.com/stocks/prim/financials/
PRIM,2023,2023-12-31,USD,1,5715000000,5715000000,126100000,126100000,2.33,2.33,https://stockanalysis.com/stocks/prim/financials/
PRIM,2022,2022-12-31,USD,1,4421000000,4421000000,133020000.00000001,133020000,2.47,2.47,https://stockanalysis.com/stocks/prim/financials/
PRIM,2021,2021-12-31,USD,1,3498000000,3498000000,115740000,115740000,2.17,2.17,https://stockanalysis.com/stocks/prim/financials/
PWR,2025,2025-12-31,USD,1,28480000000,28480000000,1028000000,1028000000,6.8,6.8,https://stockanalysis.com/stocks/pwr/financials/
PWR,2024,2024-12-31,USD,1,23673000000,23673000000,904820000,904820000,6.03,6.03,https://stockanalysis.com/stocks/pwr/financials/
PWR,2023,2023-12-31,USD,1,20882000000,20882000000,744690000,744690000,5,5,https://stockanalysis.com/stocks/pwr/financials/
PWR,2022,2022-12-31,USD,1,17074000000,17074000000,491190000,491190000,3.32,3.32,https://stockanalysis.com/stocks/pwr/financials/
PWR,2021,2021-12-31,USD,1,12980000000,12980000000,485960000,485960000,3.34,3.34,https://stockanalysis.com/stocks/pwr/financials/
QBTS,2025,2025-12-31,USD,1,24590000,24590000,-355060000,-355060000,-1.11,-1.11,https://stockanalysis.com/stocks/qbts/financials/
QBTS,2024,2024-12-31,USD,1,8830000,8830000,-143880000,-143880000,-0.75,-0.75,https://stockanalysis.com/stocks/qbts/financials/
QBTS,2023,2023-12-31,USD,1,8760000,8760000,-82720000,-82720000,-0.6,-0.6,https://stockanalysis.com/stocks/qbts/financials/
QBTS,2022,2022-12-31,USD,1,7170000,7170000,-53700000,-53700000,-0.45,-0.45,https://stockanalysis.com/stocks/qbts/financials/
QBTS,2021,2021-12-31,USD,1,6280000,6280000,-40970000,-40970000,-0.33,-0.33,https://stockanalysis.com/stocks/qbts/financials/
QCOM,2025,2025-09-28,USD,1,44284000000,44284000000,5541000000,5541000000,5.01,5.01,https://stockanalysis.com/stocks/qcom/financials/
QCOM,2024,2024-09-29,USD,1,38962000000,38962000000,10142000000,10142000000,8.97,8.97,https://stockanalysis.com/stocks/qcom/financials/
QCOM,2023,2023-09-24,USD,1,35820000000,35820000000,7232000000,7232000000,6.42,6.42,https://stockanalysis.com/stocks/qcom/financials/
QCOM,2022,2022-09-25,USD,1,44200000000,44200000000,12936000000,12936000000,11.37,11.37,https://stockanalysis.com/stocks/qcom/financials/
QCOM,2021,2021-09-26,USD,1,33566000000,33566000000,9043000000,9043000000,7.87,7.87,https://stockanalysis.com/stocks/qcom/financials/
QUBT,2025,2025-12-31,USD,1,680000,680000,-18670000,-18670000,-0.11,-0.11,https://stockanalysis.com/stocks/qubt/financials/
QUBT,2024,2024-12-31,USD,1,370000,370000,-68540000,-68540000,-0.73,-0.73,https://stockanalysis.com/stocks/qubt/financials/
QUBT,2023,2023-12-31,USD,1,360000,360000,-27880000,-27880000,-0.42,-0.42,https://stockanalysis.com/stocks/qubt/financials/
QUBT,2022,2022-12-31,USD,1,140000,140000,-26870000,-26870000,-0.73,-0.73,https://stockanalysis.com/stocks/qubt/financials/
QUBT,2021,2021-12-31,USD,1,,,-28020000,-28020000,-0.96,-0.96,https://stockanalysis.com/stocks/qubt/financials/
RGTI,2025,2025-12-31,USD,1,7090000,7090000,-216210000,-216210000,-0.7,-0.7,https://stockanalysis.com/stocks/rgti/financials/
RGTI,2024,2024-12-31,USD,1,10790000,10790000,-200990000,-200990000,-1.09,-1.09,https://stockanalysis.com/stocks/rgti/financials/
RGTI,2023,2023-12-31,USD,1,12010000,12010000,-75110000,-75110000,-0.57,-0.57,https://stockanalysis.com/stocks/rgti/financials/
RGTI,2022,2022-12-31,USD,1,13100000,13100000,-71520000,-71520000,-0.7,-0.7,https://stockanalysis.com/stocks/rgti/financials/
RGTI,2021,2021-12-31,USD,1,,,-23170000,-23170000,-1.64,-1.64,https://stockanalysis.com/stocks/rgti/financials/
RIO,2025,2025-12-31,USD,1,57638000000,57638000000,10249000000,10249000000,6.08,6.08,https://stockanalysis.com/stocks/rio/financials/
RIO,2024,2024-12-31,USD,1,53658000000,53658000000,11574000000,11574000000,7.07,7.07,https://stockanalysis.com/stocks/rio/financials/
RIO,2023,2023-12-31,USD,1,54041000000,54041000000,9953000000,9953000000,6.17,6.17,https://stockanalysis.com/stocks/rio/financials/
RIO,2022,2022-12-31,USD,1,55554000000,55554000000,13048000000,13048000000,7.6,7.6,https://stockanalysis.com/stocks/rio/financials/
RIO,2021,2021-12-31,USD,1,63495000000,63495000000,22597000000,22597000000,12.96,12.96,https://stockanalysis.com/stocks/rio/financials/
RMBS,2025,2025-12-31,USD,1,707630000,707630000,230460000,230460000,2.11,2.11,https://stockanalysis.com/stocks/rmbs/financials/
RMBS,2024,2024-12-31,USD,1,556620000,556620000,179820000,179820000,1.65,1.65,https://stockanalysis.com/stocks/rmbs/financials/
RMBS,2023,2023-12-31,USD,1,461120000,461120000,333900000,333900000,3.01,3.01,https://stockanalysis.com/stocks/rmbs/financials/
RMBS,2022,2022-12-31,USD,1,454790000,454790000,-14310000,-14310000,-0.13,-0.13,https://stockanalysis.com/stocks/rmbs/financials/
RMBS,2021,2021-12-31,USD,1,328300000,328300000,18330000,18330000,0.16,0.16,https://stockanalysis.com/stocks/rmbs/financials/
ROK,2026,2026-03-31,USD,1,8804000000,8804000000,1013000000,1013000000,9.62,9.62,https://stockanalysis.com/stocks/rok/financials/
ROK,2025,2025-09-30,USD,1,8342000000,8342000000,869000000,869000000,7.67,7.67,https://stockanalysis.com/stocks/rok/financials/
ROK,2024,2024-09-30,USD,1,8264000000,8264000000,953000000,953000000,8.28,8.28,https://stockanalysis.com/stocks/rok/financials/
ROK,2023,2023-09-30,USD,1,9058000000,9058000000,1387000000,1387000000,11.95,11.95,https://stockanalysis.com/stocks/rok/financials/
ROK,2022,2022-09-30,USD,1,7760000000,7760000000,932200000,932200000,7.97,7.97,https://stockanalysis.com/stocks/rok/financials/
RSG,2025,2025-12-31,USD,1,16591000000,16591000000,2139000000,2139000000,6.85,6.85,https://stockanalysis.com/stocks/rsg/financials/
RSG,2024,2024-12-31,USD,1,16032000000,16032000000,2043000000,2043000000,6.49,6.49,https://stockanalysis.com/stocks/rsg/financials/
RSG,2023,2023-12-31,USD,1,14965000000,14965000000,1731000000,1731000000,5.47,5.47,https://stockanalysis.com/stocks/rsg/financials/
RSG,2022,2022-12-31,USD,1,13511000000,13511000000,1488000000,1488000000,4.69,4.69,https://stockanalysis.com/stocks/rsg/financials/
RSG,2021,2021-12-31,USD,1,11295000000,11295000000,1290000000,1290000000,4.04,4.04,https://stockanalysis.com/stocks/rsg/financials/
SAP,2025,2025-12-31,EUR,1.0463,36800000000,38503840000,7161000000,7492554300,6.1,6.3824,https://stockanalysis.com/stocks/sap/financials/
SAP,2024,2024-12-31,EUR,1.0354,34176000000,35385830400,3124000000,3234589600,2.65,2.7438,https://stockanalysis.com/stocks/sap/financials/
SAP,2023,2023-12-31,EUR,1.1039,31207000000,34449407300,3634000000,4011572600,5.2,5.7403,https://stockanalysis.com/stocks/sap/financials/
SAP,2022,2022-12-31,EUR,1.0666,29519000000,31484965400,3277000000,3495248200,1.94,2.0692,https://stockanalysis.com/stocks/sap/financials/
SAP,2021,2021-12-31,EUR,1.137,26953000000,30645561000,6429000000,7309773000,4.46,5.071,https://stockanalysis.com/stocks/sap/financials/
SBGSY,2025,2025-12-31,EUR,1.0463,40152000000,42011037600,4163000000,4355746900,7.33,7.6694,https://stockanalysis.com/quote/otc/SBGSY/financials/
SBGSY,2024,2024-12-31,EUR,1.0354,38153000000,39503616200,4269000000,4420122600,7.53,7.7966,https://stockanalysis.com/quote/otc/SBGSY/financials/
SBGSY,2023,2023-12-31,EUR,1.1039,35902000000,39632217800,4003000000,4418911700,7.07,7.8046,https://stockanalysis.com/quote/otc/SBGSY/financials/
SBGSY,2022,2022-12-31,EUR,1.0666,34176000000,36452121600,3477000000,3708568200,6.15,6.5596,https://stockanalysis.com/quote/otc/SBGSY/financials/
SBGSY,2021,2021-12-31,EUR,1.137,28905000000,32864985000,3204000000,3642948000,5.67,6.4468,https://stockanalysis.com/quote/otc/SBGSY/financials/
SCCO,2025,2025-12-31,USD,1,13420000000,13420000000,4335000000,4335000000,5.24,5.24,https://stockanalysis.com/stocks/scco/financials/
SCCO,2024,2024-12-31,USD,1,11433000000,11433000000,3377000000,3377000000,4.21,4.21,https://stockanalysis.com/stocks/scco/financials/
SCCO,2023,2023-12-31,USD,1,9896000000,9896000000,2425000000,2425000000,3.05,3.05,https://stockanalysis.com/stocks/scco/financials/
SCCO,2022,2022-12-31,USD,1,10048000000,10048000000,2639000000,2639000000,3.25,3.25,https://stockanalysis.com/stocks/scco/financials/
SCCO,2021,2021-12-31,USD,1,10934000000,10934000000,3397000000,3397000000,3.95,3.95,https://stockanalysis.com/stocks/scco/financials/
SMCI,2026,2026-03-31,USD,1,33700000000,33700000000,1247000000,1247000000,1.89,1.89,https://stockanalysis.com/stocks/smci/financials/
SMCI,2025,2025-06-30,USD,1,21972000000,21972000000,1049000000,1049000000,1.68,1.68,https://stockanalysis.com/stocks/smci/financials/
SMCI,2024,2024-06-30,USD,1,14989000000,14989000000,1153000000,1153000000,1.92,1.92,https://stockanalysis.com/stocks/smci/financials/
SMCI,2023,2023-06-30,USD,1,7123000000,7123000000,640000000,640000000,1.14,1.14,https://stockanalysis.com/stocks/smci/financials/
SMCI,2022,2022-06-30,USD,1,5196000000,5196000000,285160000,285160000,0.53,0.53,https://stockanalysis.com/stocks/smci/financials/
SMR,2025,2025-12-31,USD,1,31480000,31480000,-355790000,-355790000,-2.17,-2.17,https://stockanalysis.com/stocks/smr/financials/
SMR,2024,2024-12-31,USD,1,37050000,37050000,-136620000,-136620000,-1.47,-1.47,https://stockanalysis.com/stocks/smr/financials/
SMR,2023,2023-12-31,USD,1,22810000,22810000,-58360000,-58360000,-0.8,-0.8,https://stockanalysis.com/stocks/smr/financials/
SMR,2022,2022-12-31,USD,1,11800000,11800000,-25910000,-25910000,-0.51,-0.51,https://stockanalysis.com/stocks/smr/financials/
SMR,2021,2021-12-31,USD,1,2860000,2860000,-102490000,-102490000,0.11,0.11,https://stockanalysis.com/stocks/smr/financials/
SMSMY,2025,2025-06-30,AUD,0.6213,7525000000,4675282500,-19000000,-11804700,-0.1,-0.0621,https://stockanalysis.com/quote/asx/SGM/financials/
SMSMY,2024,2024-06-30,AUD,0.6206,7224000000,4483214400,-57800000,-35870680,-0.29,-0.18,https://stockanalysis.com/quote/asx/SGM/financials/
SMSMY,2023,2023-06-30,AUD,0.681,6659000000,4534779000,181100000,123329100,0.92,0.6265,https://stockanalysis.com/quote/asx/SGM/financials/
SMSMY,2022,2022-06-30,AUD,0.681,9277000000,6317637000,599300000,408123300,2.96,2.0158,https://stockanalysis.com/quote/asx/SGM/financials/
SNOW,2026,2026-01-31,USD,1,4684000000,4684000000,-1332000000,-1332000000,-3.95,-3.95,https://stockanalysis.com/stocks/snow/financials/
SNOW,2025,2025-01-31,USD,1,3626000000,3626000000,-1286000000,-1286000000,-3.86,-3.86,https://stockanalysis.com/stocks/snow/financials/
SNOW,2024,2024-01-31,USD,1,2806000000,2806000000,-836100000,-836100000,-2.55,-2.55,https://stockanalysis.com/stocks/snow/financials/
SNOW,2023,2023-01-31,USD,1,2066000000,2066000000,-796710000,-796710000,-2.5,-2.5,https://stockanalysis.com/stocks/snow/financials/
SNOW,2022,2022-01-31,USD,1,1219000000,1219000000,-679950000,-679950000,-2.26,-2.26,https://stockanalysis.com/stocks/snow/financials/
SNPS,2026,2026-01-31,USD,1,8008000000,8008000000,1102000000,1102000000,6.44,6.44,https://stockanalysis.com/stocks/snps/financials/
SNPS,2025,2025-10-31,USD,1,7054000000,7054000000,2664000000,2664000000,8.04,8.04,https://stockanalysis.com/stocks/snps/financials/
SNPS,2024,2024-10-31,USD,1,6127000000,6127000000,4527000000,4527000000,14.51,14.51,https://stockanalysis.com/stocks/snps/financials/
SNPS,2023,2023-10-31,USD,1,5318000000,5318000000,2460000000,2460000000,7.92,7.92,https://stockanalysis.com/stocks/snps/financials/
SNPS,2022,2022-10-31,USD,1,4616000000,4616000000,984590000,984590000,6.29,6.29,https://stockanalysis.com/stocks/snps/financials/
SO,2025,2025-12-31,USD,1,29553000000,29553000000,4341000000,4341000000,3.92,3.92,https://stockanalysis.com/stocks/so/financials/
SO,2024,2024-12-31,USD,1,26724000000,26724000000,4401000000,4401000000,3.99,3.99,https://stockanalysis.com/stocks/so/financials/
SO,2023,2023-12-31,USD,1,25253000000,25253000000,3976000000,3976000000,3.62,3.62,https://stockanalysis.com/stocks/so/financials/
SO,2022,2022-12-31,USD,1,29279000000,29279000000,3524000000,3524000000,3.26,3.26,https://stockanalysis.com/stocks/so/financials/
SO,2021,2021-12-31,USD,1,23113000000,23113000000,2393000000,2393000000,2.24,2.24,https://stockanalysis.com/stocks/so/financials/
SSNLF,2025,2025-12-31,KRW,0.000683,333605938000000,227852855654,44260956000000,30230232948,6603.4,4.5101,https://stockanalysis.com/stocks/ssnlf/financials/
SSNLF,2024,2024-12-31,KRW,0.00068,300870903000000,204592214040,33621363000000,22862526840,4949.75,3.3658,https://stockanalysis.com/stocks/ssnlf/financials/
SSNLF,2023,2023-12-31,KRW,0.000776,258935494000000,200933943344,14473401000000,11231359176,2130.74,1.6535,https://stockanalysis.com/stocks/ssnlf/financials/
SSNLF,2022,2022-12-31,KRW,0.00079,302231360000000,238762774400,54730018000000,43236714220,8057.22,6.3652,https://stockanalysis.com/stocks/ssnlf/financials/
SSNLF,2021,2021-12-31,KRW,0.000843,279604799000000,235706845557,39243791000000,33082515813,5777.37,4.8703,https://stockanalysis.com/stocks/ssnlf/financials/
STRL,2025,2025-12-31,USD,1,2490000000,2490000000,290000000,290000000,9.38,9.38,https://stockanalysis.com/stocks/strl/financials/
STRL,2024,2024-12-31,USD,1,2116000000,2116000000,257000000,257000000,8.27,8.27,https://stockanalysis.com/stocks/strl/financials/
STRL,2023,2023-12-31,USD,1,1972000000,1972000000,139000000,139000000,4.44,4.44,https://stockanalysis.com/stocks/strl/financials/
STRL,2022,2022-12-31,USD,1,1769000000,1769000000,106000000,106000000,3.48,3.48,https://stockanalysis.com/stocks/strl/financials/
STRL,2021,2021-12-31,USD,1,1414000000,1414000000,63000000,63000000,2.15,2.15,https://stockanalysis.com/stocks/strl/financials/
STX,2026,2026-04-03,USD,1,11010000000,11010000000,2378000000,2378000000,10.54,10.54,https://stockanalysis.com/stocks/stx/financials/
STX,2025,2025-06-27,USD,1,9097000000,9097000000,1469000000,1469000000,6.77,6.77,https://stockanalysis.com/stocks/stx/financials/
STX,2024,2024-06-28,USD,1,6551000000,6551000000,335000000,335000000,1.58,1.58,https://stockanalysis.com/stocks/stx/financials/
STX,2023,2023-06-30,USD,1,7384000000,7384000000,-529000000,-529000000,-2.56,-2.56,https://stockanalysis.com/stocks/stx/financials/
STX,2022,2022-07-01,USD,1,11661000000,11661000000,1649000000,1649000000,7.36,7.36,https://stockanalysis.com/stocks/stx/financials/
TER,2025,2025-12-31,USD,1,3190000000,3190000000,554000000,554000000,3.47,3.47,https://stockanalysis.com/stocks/ter/financials/
TER,2024,2024-12-31,USD,1,2820000000,2820000000,542000000,542000000,3.32,3.32,https://stockanalysis.com/stocks/ter/financials/
TER,2023,2023-12-31,USD,1,2676000000,2676000000,449000000,449000000,2.73,2.73,https://stockanalysis.com/stocks/ter/financials/
TER,2022,2022-12-31,USD,1,3155000000,3155000000,716000000,716000000,4.22,4.22,https://stockanalysis.com/stocks/ter/financials/
TER,2021,2021-12-31,USD,1,3703000000,3703000000,1015000000,1015000000,5.53,5.53,https://stockanalysis.com/stocks/ter/financials/
TLN,2025,2025-12-31,USD,1,2581000000,2581000000,-219000000,-219000000,-4.79,-4.79,https://stockanalysis.com/stocks/tln/financials/
TLN,2024,2024-12-31,USD,1,2115000000,2115000000,998000000,998000000,17.67,17.67,https://stockanalysis.com/stocks/tln/financials/
TLN,2023,2023-12-31,USD,1,2554000000,2554000000,613000000,613000000,2.26,2.26,https://stockanalysis.com/stocks/tln/financials/
TLN,2022,2022-12-31,USD,1,3089000000,3089000000,-1289000000,-1289000000,,,https://stockanalysis.com/stocks/tln/financials/
TLN,2021,2021-12-31,USD,1,928000000,928000000,-977000000,-977000000,,,https://stockanalysis.com/stocks/tln/financials/
TRGP,2025,2025-12-31,USD,1,17028000000,17028000000,1853000000,1853000000,8.49,8.49,https://stockanalysis.com/stocks/trgp/financials/
TRGP,2024,2024-12-31,USD,1,16382000000,16382000000,1279000000,1279000000,5.74,5.74,https://stockanalysis.com/stocks/trgp/financials/
TRGP,2023,2023-12-31,USD,1,16060000000,16060000000,835800000,835800000,3.66,3.66,https://stockanalysis.com/stocks/trgp/financials/
TRGP,2022,2022-12-31,USD,1,20930000000,20930000000,1142000000,1142000000,3.88,3.88,https://stockanalysis.com/stocks/trgp/financials/
TRGP,2021,2021-12-31,USD,1,16950000000,16950000000,71200000,71200000,-0.07,-0.07,https://stockanalysis.com/stocks/trgp/financials/
TSLA,2025,2025-12-31,USD,1,94827000000,94827000000,3794000000,3794000000,1.08,1.08,https://stockanalysis.com/stocks/tsla/financials/
TSLA,2024,2024-12-31,USD,1,97690000000,97690000000,7091000000,7091000000,2.04,2.04,https://stockanalysis.com/stocks/tsla/financials/
TSLA,2023,2023-12-31,USD,1,96773000000,96773000000,14997000000,14997000000,4.3,4.3,https://stockanalysis.com/stocks/tsla/financials/
TSLA,2022,2022-12-31,USD,1,81462000000,81462000000,12556000000,12556000000,3.62,3.62,https://stockanalysis.com/stocks/tsla/financials/
TSLA,2021,2021-12-31,USD,1,53823000000,53823000000,5519000000,5519000000,1.63,1.63,https://stockanalysis.com/stocks/tsla/financials/
TSM,2025,2025-12-31,TWD,0.03079,3809050000000,117280649500,1697600000000,52269104000,327.35,10.0791,https://stockanalysis.com/stocks/tsm/financials/
TSM,2024,2024-12-31,TWD,0.0305,2894310000000,88276455000,1158380000000,35330590000,223.35,6.8122,https://stockanalysis.com/stocks/tsm/financials/
TSM,2023,2023-12-31,TWD,0.03269,2161740000000,70667280600,851740000000,27843380600,164.25,5.3693,https://stockanalysis.com/stocks/tsm/financials/
TSM,2022,2022-12-31,TWD,0.03263,2263890000000,73870730700,992923000000,32399077490,191.45,6.247,https://stockanalysis.com/stocks/tsm/financials/
TSM,2021,2021-12-31,TWD,0.03612,1587420000000,57337610400,592359000000,21396007080,114.2,4.1249,https://stockanalysis.com/stocks/tsm/financials/
TT,2025,2025-12-31,USD,1,21322000000,21322000000,2919000000,2919000000,12.98,12.98,https://stockanalysis.com/stocks/tt/financials/
TT,2024,2024-12-31,USD,1,19838000000,19838000000,2568000000,2568000000,11.24,11.24,https://stockanalysis.com/stocks/tt/financials/
TT,2023,2023-12-31,USD,1,17678000000,17678000000,2024000000,2024000000,8.77,8.77,https://stockanalysis.com/stocks/tt/financials/
TT,2022,2022-12-31,USD,1,15992000000,15992000000,1757000000,1757000000,7.48,7.48,https://stockanalysis.com/stocks/tt/financials/
TT,2021,2021-12-31,USD,1,14136000000,14136000000,1423000000,1423000000,5.87,5.87,https://stockanalysis.com/stocks/tt/financials/
TXN,2025,2025-12-31,USD,1,17682000000,17682000000,5001000000,5001000000,5.45,5.45,https://stockanalysis.com/stocks/txn/financials/
TXN,2024,2024-12-31,USD,1,15641000000,15641000000,4799000000,4799000000,5.2,5.2,https://stockanalysis.com/stocks/txn/financials/
TXN,2023,2023-12-31,USD,1,17519000000,17519000000,6510000000,6510000000,7.07,7.07,https://stockanalysis.com/stocks/txn/financials/
TXN,2022,2022-12-31,USD,1,20028000000,20028000000,8749000000,8749000000,9.41,9.41,https://stockanalysis.com/stocks/txn/financials/
TXN,2021,2021-12-31,USD,1,18344000000,18344000000,7769000000,7769000000,8.26,8.26,https://stockanalysis.com/stocks/txn/financials/
UCTT,2025,2025-12-26,USD,1,2054000000,2054000000,-181200000,-181200000,-4,-4,https://stockanalysis.com/stocks/uctt/financials/
UCTT,2024,2024-12-27,USD,1,2098000000,2098000000,23700000,23700000,0.52,0.52,https://stockanalysis.com/stocks/uctt/financials/
UCTT,2023,2023-12-29,USD,1,1735000000,1735000000,-31100000,-31100000,-0.7,-0.7,https://stockanalysis.com/stocks/uctt/financials/
UCTT,2022,2022-12-30,USD,1,2374000000,2374000000,40400000,40400000,0.88,0.88,https://stockanalysis.com/stocks/uctt/financials/
UCTT,2021,2021-12-31,USD,1,2102000000,2102000000,119500000,119500000,2.69,2.69,https://stockanalysis.com/stocks/uctt/financials/
UMC,2025,2025-12-31,TWD,0.03079,237553000000,7314256870,40360000000,1242684400,16.35,0.5034,https://stockanalysis.com/stocks/umc/financials/
UMC,2024,2024-12-31,TWD,0.0305,232303000000,7085241500,48779000000,1487759500,19.7,0.6009,https://stockanalysis.com/stocks/umc/financials/
UMC,2023,2023-12-31,TWD,0.03269,222533000000,7274603770,59689000000,1951233410,24.1,0.7878,https://stockanalysis.com/stocks/umc/financials/
UMC,2022,2022-12-31,TWD,0.03263,278705000000,9094144150,89479000000,2919699770,35.8,1.1682,https://stockanalysis.com/stocks/umc/financials/
UMC,2021,2021-12-31,TWD,0.03612,213011000000,7693957320,51246000000,1851005520,20.95,0.7567,https://stockanalysis.com/stocks/umc/financials/
UUUU,2025,2025-12-31,USD,1,65920000,65920000,-85630000,-85630000,-0.38,-0.38,https://stockanalysis.com/stocks/uuuu/financials/
UUUU,2024,2024-12-31,USD,1,78110000,78110000,-47770000,-47770000,-0.28,-0.28,https://stockanalysis.com/stocks/uuuu/financials/
UUUU,2023,2023-12-31,USD,1,37930000,37930000,99860000,99860000,0.62,0.62,https://stockanalysis.com/stocks/uuuu/financials/
UUUU,2022,2022-12-31,USD,1,12520000,12520000,-4680000,-4680000,-0.38,-0.38,https://stockanalysis.com/stocks/uuuu/financials/
UUUU,2021,2021-12-31,USD,1,,,57760000,57760000,1.23,1.23,https://stockanalysis.com/stocks/uuuu/financials/
VECO,2025,2025-12-31,USD,1,664290000,664290000,35390000,35390000,0.59,0.59,https://stockanalysis.com/stocks/veco/financials/
VECO,2024,2024-12-31,USD,1,717300000,717300000,73710000,73710000,1.23,1.23,https://stockanalysis.com/stocks/veco/financials/
VECO,2023,2023-12-31,USD,1,666440000,666440000,-30370000,-30370000,-0.56,-0.56,https://stockanalysis.com/stocks/veco/financials/
VECO,2022,2022-12-31,USD,1,646140000,646140000,166940000,166940000,2.71,2.71,https://stockanalysis.com/stocks/veco/financials/
VECO,2021,2021-12-31,USD,1,583280000,583280000,26040000,26040000,0.49,0.49,https://stockanalysis.com/stocks/veco/financials/
VEOEY,2025,2025-12-31,EUR,1.0463,44396000000,46451534800,1217000000,1273347100,1.54,1.6113,https://stockanalysis.com/quote/epa/VIE/financials/
VEOEY,2024,2024-12-31,EUR,1.0354,44692000000,46274096800,1098000000,1136869200,1.4,1.4496,https://stockanalysis.com/quote/epa/VIE/financials/
VEOEY,2023,2023-12-31,EUR,1.1039,45351000000,50062968900,937000000,1034354300,1.28,1.413,https://stockanalysis.com/quote/epa/VIE/financials/
VEOEY,2022,2022-12-31,EUR,1.0666,42885000000,45741141000,716000000,763685600,1,1.0666,https://stockanalysis.com/quote/epa/VIE/financials/
VEOEY,2021,2021-12-31,EUR,1.137,28508000000,32413596000,404000000,459348000,0.65,0.7391,https://stockanalysis.com/quote/epa/VIE/financials/
VICR,2025,2025-12-31,USD,1,407700000,407700000,118560000,118560000,2.61,2.61,https://stockanalysis.com/stocks/vicr/financials/
VICR,2024,2024-12-31,USD,1,359060000,359060000,6130000,6130000,0.14,0.14,https://stockanalysis.com/stocks/vicr/financials/
VICR,2023,2023-12-31,USD,1,405060000,405060000,53600000,53600000,1.19,1.19,https://stockanalysis.com/stocks/vicr/financials/
VICR,2022,2022-12-31,USD,1,399080000,399080000,25450000,25450000,0.57,0.57,https://stockanalysis.com/stocks/vicr/financials/
VICR,2021,2021-12-31,USD,1,359360000,359360000,56630000,56630000,1.26,1.26,https://stockanalysis.com/stocks/vicr/financials/
VMI,2025,2025-12-27,USD,1,4104000000,4104000000,350000000,350000000,16.79,16.79,https://stockanalysis.com/stocks/vmi/financials/
VMI,2024,2024-12-28,USD,1,4075000000,4075000000,348000000,348000000,17.19,17.19,https://stockanalysis.com/stocks/vmi/financials/
VMI,2023,2023-12-30,USD,1,4175000000,4175000000,151000000,151000000,6.78,6.78,https://stockanalysis.com/stocks/vmi/financials/
VMI,2022,2022-12-31,USD,1,4345000000,4345000000,251000000,251000000,11.62,11.62,https://stockanalysis.com/stocks/vmi/financials/
VMI,2021,2021-12-31,USD,1,3502000000,3502000000,196000000,196000000,9.21,9.21,https://stockanalysis.com/stocks/vmi/financials/
VRT,2025,2025-12-31,USD,1,10230000000,10230000000,1333000000,1333000000,3.41,3.41,https://stockanalysis.com/stocks/vrt/financials/
VRT,2024,2024-12-31,USD,1,8012000000,8012000000,495800000,495800000,1.28,1.28,https://stockanalysis.com/stocks/vrt/financials/
VRT,2023,2023-12-31,USD,1,6863000000,6863000000,460200000,460200000,1.19,1.19,https://stockanalysis.com/stocks/vrt/financials/
VRT,2022,2022-12-31,USD,1,5692000000,5692000000,76600000,76600000,-0.04,-0.04,https://stockanalysis.com/stocks/vrt/financials/
VRT,2021,2021-12-31,USD,1,4998000000,4998000000,119600000,119600000,0.33,0.33,https://stockanalysis.com/stocks/vrt/financials/
VST,2025,2025-12-31,USD,1,17738000000,17738000000,752000000,752000000,2.18,2.18,https://stockanalysis.com/stocks/vst/financials/
VST,2024,2024-12-31,USD,1,17224000000,17224000000,2467000000,2467000000,7,7,https://stockanalysis.com/stocks/vst/financials/
VST,2023,2023-12-31,USD,1,14779000000,14779000000,1343000000,1343000000,3.58,3.58,https://stockanalysis.com/stocks/vst/financials/
VST,2022,2022-12-31,USD,1,13728000000,13728000000,-1377000000,-1377000000,-3.26,-3.26,https://stockanalysis.com/stocks/vst/financials/
VST,2021,2021-12-31,USD,1,12077000000,12077000000,-1295000000,-1295000000,-2.69,-2.69,https://stockanalysis.com/stocks/vst/financials/
WCN,2025,2025-12-31,USD,1,9467000000,9467000000,1077000000,1077000000,4.17,4.17,https://stockanalysis.com/stocks/wcn/financials/
WCN,2024,2024-12-31,USD,1,8920000000,8920000000,617570000,617570000,2.39,2.39,https://stockanalysis.com/stocks/wcn/financials/
WCN,2023,2023-12-31,USD,1,8022000000,8022000000,762800000,762800000,2.95,2.95,https://stockanalysis.com/stocks/wcn/financials/
WCN,2022,2022-12-31,USD,1,7212000000,7212000000,835660000,835660000,3.24,3.24,https://stockanalysis.com/stocks/wcn/financials/
WCN,2021,2021-12-31,USD,1,6151000000,6151000000,618050000,618050000,2.36,2.36,https://stockanalysis.com/stocks/wcn/financials/
WDC,2026,2026-04-03,USD,1,11777000000,11777000000,6511000000,6511000000,16.67,16.67,https://stockanalysis.com/stocks/wdc/financials/
WDC,2025,2025-06-27,USD,1,9520000000,9520000000,1889000000,1889000000,4.45,4.45,https://stockanalysis.com/stocks/wdc/financials/
WDC,2024,2024-06-28,USD,1,6317000000,6317000000,-798000000,-798000000,-2.51,-2.51,https://stockanalysis.com/stocks/wdc/financials/
WDC,2023,2023-06-30,USD,1,6255000000,6255000000,-1684000000,-1684000000,-2.91,-2.91,https://stockanalysis.com/stocks/wdc/financials/
WDC,2022,2022-07-01,USD,1,18793000000,18793000000,1546000000,1546000000,4.89,4.89,https://stockanalysis.com/stocks/wdc/financials/
WM,2025,2025-12-31,USD,1,25204000000,25204000000,2708000000,2708000000,6.7,6.7,https://stockanalysis.com/stocks/wm/financials/
WM,2024,2024-12-31,USD,1,22063000000,22063000000,2746000000,2746000000,6.81,6.81,https://stockanalysis.com/stocks/wm/financials/
WM,2023,2023-12-31,USD,1,20426000000,20426000000,2304000000,2304000000,5.66,5.66,https://stockanalysis.com/stocks/wm/financials/
WM,2022,2022-12-31,USD,1,19698000000,19698000000,2238000000,2238000000,5.39,5.39,https://stockanalysis.com/stocks/wm/financials/
WM,2021,2021-12-31,USD,1,17931000000,17931000000,1816000000,1816000000,4.29,4.29,https://stockanalysis.com/stocks/wm/financials/
WMB,2025,2025-12-31,USD,1,11950000000,11950000000,2615000000,2615000000,2.14,2.14,https://stockanalysis.com/stocks/wmb/financials/
WMB,2024,2024-12-31,USD,1,10503000000,10503000000,2222000000,2222000000,1.82,1.82,https://stockanalysis.com/stocks/wmb/financials/
WMB,2023,2023-12-31,USD,1,10907000000,10907000000,3176000000,3176000000,2.6,2.6,https://stockanalysis.com/stocks/wmb/financials/
WMB,2022,2022-12-31,USD,1,10965000000,10965000000,2046000000,2046000000,1.67,1.67,https://stockanalysis.com/stocks/wmb/financials/
WMB,2021,2021-12-31,USD,1,10627000000,10627000000,1514000000,1514000000,1.24,1.24,https://stockanalysis.com/stocks/wmb/financials/
WOLF,2026,2026-03-29,USD,1,712500000,712500000,544200000,544200000,-10.91,-10.91,https://stockanalysis.com/stocks/wolf/financials/
WOLF,2025,2025-06-29,USD,1,757600000,757600000,-1609000000,-1609000000,27.85,27.85,https://stockanalysis.com/stocks/wolf/financials/
WOLF,2024,2024-06-30,USD,1,807200000,807200000,-864200000,-864200000,-4.56,-4.56,https://stockanalysis.com/stocks/wolf/financials/
WOLF,2023,2023-06-25,USD,1,758500000,758500000,-329900000,-329900000,-2.09,-2.09,https://stockanalysis.com/stocks/wolf/financials/
WOLF,2022,2022-06-26,USD,1,572100000,572100000,-200900000,-200900000,-2.08,-2.08,https://stockanalysis.com/stocks/wolf/financials/
WTS,2025,2025-12-31,USD,1,2439000000,2439000000,340800000,340800000,10.17,10.17,https://stockanalysis.com/stocks/wts/financials/
WTS,2024,2024-12-31,USD,1,2252000000,2252000000,291200000,291200000,8.69,8.69,https://stockanalysis.com/stocks/wts/financials/
WTS,2023,2023-12-31,USD,1,2056000000,2056000000,262100000.00000003,262100000,7.82,7.82,https://stockanalysis.com/stocks/wts/financials/
WTS,2022,2022-12-31,USD,1,1980000000,1980000000,251500000,251500000,7.48,7.48,https://stockanalysis.com/stocks/wts/financials/
WTS,2021,2021-12-31,USD,1,1809000000,1809000000,165700000,165700000,4.88,4.88,https://stockanalysis.com/stocks/wts/financials/
ZS,2026,2026-01-31,USD,1,3001000000,3001000000,-66870000.00000001,-66870000,-0.42,-0.42,https://stockanalysis.com/stocks/zs/financials/
ZS,2025,2025-07-31,USD,1,2673000000,2673000000,-41480000,-41480000,-0.27,-0.27,https://stockanalysis.com/stocks/zs/financials/
ZS,2024,2024-07-31,USD,1,2168000000,2168000000,-57710000,-57710000,-0.39,-0.39,https://stockanalysis.com/stocks/zs/financials/
ZS,2023,2023-07-31,USD,1,1617000000,1617000000,-202340000,-202340000,-1.4,-1.4,https://stockanalysis.com/stocks/zs/financials/
ZS,2022,2022-07-31,USD,1,1091000000,1091000000,-390280000,-390280000,-2.77,-2.77,https://stockanalysis.com/stocks/zs/financials/
